,,Correct?,,Seconds,,Dollars,,Tokens,,Cell Accuracy,,
Score:,Question 1,0,Question Time 1,,Question Cost 1,,Question Tokens 1,,Cell Accuracy 1,,Output 1,
54.17%,Question 2,0,Question Time 2,,Question Cost 2,,Question Tokens 2,,Cell Accuracy 2,,Output 2,
Total Time (seconds):,Question 3,0,Question Time 3,,Question Cost 3,,Question Tokens 3,,Cell Accuracy 3,,Output 3,
5035,Question 4,0,Question Time 4,,Question Cost 4,,Question Tokens 4,,Cell Accuracy 4,,Output 4,
Total Cost (dollars):,Question 5,0,Question Time 5,,Question Cost 5,,Question Tokens 5,,Cell Accuracy 5,,Output 5,
7.788872,Question 6,0,Question Time 6,,Question Cost 6,,Question Tokens 6,,Cell Accuracy 6,,Output 6,
Model:,Question 7,1,Question Time 7,137,Question Cost 7,$0.27,Question Tokens 7,31228,Cell Accuracy 7,100%,Output 7,"{ ""outputs"": [ [ [4, 4, 4, 4, 4, 4, 4, 4, 4, 4], [4, 1, 4, 1, 4, 4, 4, 4, 4, 1], [4, 1, 4, 1, 4, 4, 4, 4, 4, 1], [4, 1, 4, 1, 4, 4, 4, 4, 4, 1], [1, 1, 1, 1, 1, 4, 4, 4, 1, 1] ], [ [4, 4, 4, 1, 1, 1, 1, 1], [4, 1, 1, 4, 1, 1, 1, 1], [4, 1, 1, 1, 4, 1, 1, 1], [4, 4, 4, 4, 4, 1, 1, 1], [1, 1, 1, 4, 4, 4, 4, 4], [1, 1, 1, 4, 1, 1, 1, 4], [1, 1, 1, 1, 4, 1, 1, 4], [1, 1, 1, 1, 1, 4, 4, 4] ] ] }"
gemini 3.5 flash,Question 8,0,Question Time 8,358,Question Cost 8,$0.49,Question Tokens 8,65360,Cell Accuracy 8,68%,Output 8,"{ ""outputs"": [ [ [0, 6, 6, 6, 6, 0, 6, 6, 6, 6, 0, 6, 6, 6, 6, 0, 6, 6, 6, 6, 0], [6, 6, 0, 0, 6, 6, 6, 0, 0, 6, 6, 6, 0, 0, 6, 6, 6, 0, 0, 6, 6] ], [ [0, 0, 0, 0, 0, 0, 0, 0, 0, 0, 0, 0, 0, 0, 0, 0, 0], [0, 0, 0, 0, 0, 0, 3, 3, 3, 3, 3, 0, 0, 0, 0, 0, 0], [0, 0, 2, 2, 2, 0, 3, 0, 0, 0, 3, 0, 2, 2, 2, 0, 0], [0, 0, 2, 0, 3, 0, 3, 0, 0, 0, 3, 0, 3, 0, 2, 0, 0], [3, 3, 3, 0, 0, 0, 2, 2, 2, 2, 2, 0, 0, 0, 3, 3, 3], [3, 0, 2, 0, 0, 0, 2, 0, 0, 0, 2, 0, 0, 0, 2, 0, 3], [0, 0, 0, 0, 0, 0, 2, 0, 0, 0, 2, 0, 0, 0, 0, 0, 0], [0, 0, 0, 0, 0, 0, 2, 0, 0, 0, 2, 0, 0, 0, 0, 0, 0] ] ] }"
Date:,Question 9,0,Question Time 9,293,Question Cost 9,$0.61,Question Tokens 9,74629,Cell Accuracy 9,70.70%,Output 9,"{""outputs"": [[[3, 3, 3, 3, 3, 3, 3, 3, 3, 3, 3, 3, 3, 3, 3, 3, 3, 3, 3, 3, 3, 3, 3, 3, 3, 3, 3, 3, 3, 3], [3, 3, 3, 3, 3, 3, 3, 3, 3, 3, 3, 3, 3, 3, 3, 3, 3, 3, 3, 3, 3, 3, 3, 3, 3, 9, 9, 3, 3, 3], [3, 3, 3, 3, 3, 3, 3, 3, 3, 3, 3, 8, 8, 8, 8, 8, 8, 8, 8, 8, 8, 3, 3, 3, 9, 9, 9, 9, 3, 3], [3, 3, 3, 3, 8, 8, 8, 8, 8, 8, 8, 8, 8, 8, 8, 8, 8, 8, 8, 8, 8, 3, 3, 3, 9, 9, 9, 9, 3, 3], [3, 3, 3, 8, 8, 8, 8, 8, 8, 8, 8, 8, 8, 8, 8, 8, 8, 8, 8, 8, 8, 8, 3, 3, 9, 9, 9, 9, 3, 3], [3, 3, 8, 8, 8, 8, 8, 8, 8, 8, 8, 8, 8, 8, 8, 8, 8, 8, 8, 8, 8, 8, 3, 3, 3, 3, 3, 3, 3, 3], [3, 3, 8, 8, 8, 8, 8, 8, 8, 8, 8, 8, 8, 8, 8, 8, 8, 8, 8, 8, 8, 8, 3, 3, 3, 3, 3, 3, 3, 8], [3, 8, 8, 8, 8, 2, 2, 2, 2, 2, 2, 2, 2, 2, 2, 2, 8, 8, 8, 8, 8, 8, 3, 3, 3, 3, 3, 3, 8, 8], [3, 8, 8, 8, 2, 2, 2, 2, 2, 2, 2, 2, 2, 2, 2, 2, 2, 2, 2, 2, 2, 2, 3, 3, 3, 3, 3, 8, 8, 8], [3, 8, 8, 2, 2, 2, 2, 2, 2, 2, 2, 2, 2, 6, 6, 6, 6, 2, 2, 2, 2, 2, 3, 3, 3, 3, 3, 8, 8, 8], [3, 8, 8, 2, 2, 2, 2, 2, 2, 2, 6, 6, 6, 6, 6, 6, 6, 6, 6, 6, 2, 2, 3, 3, 3, 3, 8, 8, 8, 8], [3, 8, 8, 2, 2, 2, 2, 2, 2, 6, 6, 6, 6, 6, 6, 6, 6, 6, 6, 6, 6, 2, 3, 3, 3, 3, 8, 8, 8, 8], [3, 8, 8, 2, 2, 2, 2, 2, 6, 6, 6, 6, 6, 6, 6, 6, 6, 6, 6, 6, 6, 6, 3, 3, 3, 3, 8, 8, 8, 8], [3, 8, 8, 2, 2, 2, 2, 2, 6, 6, 6, 6, 6, 6, 6, 6, 6, 6, 6, 6, 6, 6, 6, 3, 3, 8, 8, 8, 8, 8], [0, 0, 0, 2, 2, 2, 2, 2, 6, 6, 6, 6, 6, 6, 6, 6, 6, 6, 6, 6, 6, 6, 6, 3, 3, 8, 8, 8, 8, 8], [0, 0, 0, 2, 2, 2, 2, 2, 6, 6, 6, 6, 6, 6, 6, 6, 6, 6, 6, 6, 6, 6, 6, 3, 3, 8, 8, 8, 8, 8], [0, 0, 0, 0, 2, 2, 2, 2, 2, 2, 2, 2, 2, 2, 2, 6, 6, 6, 6, 6, 6, 6, 6, 3, 3, 8, 8, 8, 8, 8], [0, 0, 0, 0, 2, 2, 2, 2, 2, 2, 2, 2, 2, 2, 2, 6, 6, 6, 6, 6, 6, 6, 6, 6, 3, 8, 8, 8, 8, 8], [0, 0, 0, 0, 0, 0, 2, 2, 2, 2, 2, 2, 2, 2, 6, 6, 6, 6, 6, 6, 6, 6, 6, 6, 3, 8, 8, 8, 8, 8], [0, 0, 0, 0, 0, 0, 0, 0, 0, 0, 0, 0, 2, 2, 6, 6, 6, 6, 6, 6, 6, 6, 6, 6, 3, 8, 8, 8, 8, 8], [0, 0, 0, 0, 0, 0, 0, 0, 0, 0, 0, 0, 0, 0, 6, 6, 6, 6, 6, 6, 6, 6, 6, 6, 3, 3, 8, 8, 8, 8], [0, 0, 0, 0, 0, 0, 0, 0, 0, 0, 0, 0, 0, 0, 6, 6, 6, 6, 6, 6, 6, 6, 6, 3, 3, 3, 8, 8, 8, 8], [0, 0, 0, 0, 0, 0, 0, 0, 0, 0, 0, 0, 0, 0, 6, 6, 6, 6, 6, 6, 6, 6, 6, 3, 3, 3, 0, 0, 8, 8], [0, 0, 0, 0, 0, 0, 0, 0, 0, 0, 0, 0, 0, 0, 3, 6, 6, 6, 6, 6, 6, 6, 3, 3, 3, 0, 0, 0, 8, 8], [0, 0, 0, 0, 0, 0, 0, 0, 0, 0, 0, 0, 0, 3, 3, 3, 6, 6, 6, 6, 3, 3, 3, 3, 0, 0, 0, 0, 8, 8], [0, 0, 0, 0, 0, 0, 0, 0, 0, 0, 0, 3, 3, 3, 3, 3, 3, 3, 3, 3, 3, 3, 0, 0, 0, 0, 0, 0, 0, 0], [0, 0, 0, 0, 0, 3, 3, 3, 3, 3, 3, 3, 3, 3, 3, 3, 0, 0, 0, 0, 0, 0, 0, 0, 0, 0, 0, 0, 0, 0], [3, 3, 3, 3, 3, 3, 3, 3, 3, 3, 3, 3, 3, 3, 3, 0, 0, 0, 0, 0, 0, 0, 0, 0, 0, 0, 0, 0, 0, 0], [3, 3, 3, 3, 3, 3, 3, 3, 3, 3, 3, 3, 3, 3, 0, 0, 0, 0, 0, 0, 0, 0, 0, 0, 0, 0, 0, 0, 0, 0], [3, 3, 3, 3, 3, 3, 3, 3, 3, 3, 3, 3, 3, 3, 0, 0, 0, 0, 0, 0, 0, 0, 0, 0, 0, 0, 0, 0, 0, 0]], [[3, 3, 3, 3, 3, 3, 3, 3, 3, 3, 3, 3, 3, 3, 3, 3, 3, 3, 3, 3, 3, 3, 3, 3], [3, 3, 3, 3, 3, 3, 3, 3, 3, 3, 3, 3, 3, 3, 3, 3, 3, 3, 3, 3, 3, 3, 3, 3], [3, 3, 3, 3, 3, 3, 3, 3, 3, 3, 3, 3, 3, 3, 3, 3, 3, 3, 3, 3, 3, 3, 3, 3], [3, 3, 3, 3, 3, 3, 3, 3, 3, 3, 3, 3, 3, 3, 3, 3, 3, 3, 3, 3, 3, 3, 3, 3], [2, 2, 2, 2, 2, 2, 4, 4, 4, 4, 4, 4, 4, 4, 4, 4, 4, 4, 5, 5, 5, 5, 5, 5], [2, 2, 2, 2, 2, 2, 4, 4, 4, 4, 4, 4, 4, 4, 4, 4, 4, 4, 5, 5, 5, 5, 5, 5], [2, 2, 2, 2, 2, 2, 4, 4, 4, 4, 4, 4, 4, 4, 4, 4, 4, 4, 5, 5, 5, 5, 5, 5], [2, 2, 2, 2, 2, 2, 4, 4, 4, 4, 4, 4, 4, 4, 4, 4, 4, 4, 5, 5, 5, 5, 5, 5], [2, 2, 2, 2, 2, 2, 4, 4, 4, 4, 4, 4, 4, 4, 4, 4, 4, 4, 5, 5, 5, 5, 5, 5], [2, 2, 2, 2, 2, 2, 4, 4, 4, 4, 4, 4, 4, 4, 4, 4, 4, 4, 5, 5, 5, 5, 5, 5], [2, 2, 2, 2, 2, 2, 4, 4, 4, 4, 4, 4, 4, 4, 4, 4, 4, 4, 5, 5, 5, 5, 5, 5], [2, 2, 2, 2, 2, 2, 4, 4, 4, 4, 4, 4, 4, 4, 4, 4, 4, 4, 5, 5, 5, 5, 5, 5], [2, 2, 2, 2, 2, 2, 4, 4, 4, 4, 4, 4, 4, 4, 4, 4, 4, 4, 5, 5, 5, 5, 5, 5], [2, 2, 2, 2, 2, 2, 4, 4, 4, 4, 4, 4, 4, 4, 4, 4, 4, 4, 5, 5, 5, 5, 5, 5], [2, 2, 2, 2, 2, 2, 4, 4, 4, 4, 4, 4, 4, 4, 4, 4, 4, 4, 5, 5, 5, 5, 5, 5], [2, 2, 2, 2, 2, 2, 4, 4, 4, 4, 4, 4, 4, 4, 4, 4, 4, 4, 5, 5, 5, 5, 5, 5], [2, 2, 2, 2, 2, 2, 7, 7, 7, 7, 7, 7, 7, 7, 7, 7, 7, 7, 5, 5, 5, 5, 5, 5], [2, 2, 2, 2, 2, 2, 7, 7, 7, 7, 7, 7, 7, 7, 7, 7, 7, 7, 5, 5, 5, 5, 5, 5], [2, 2, 2, 2, 2, 2, 7, 7, 7, 7, 7, 7, 7, 7, 7, 7, 7, 7, 5, 5, 5, 5, 5, 5], [2, 2, 2, 2, 2, 2, 7, 7, 7, 7, 7, 7, 7, 7, 7, 7, 7, 7, 5, 5, 5, 5, 5, 5], [6, 6, 6, 6, 6, 6, 6, 6, 6, 6, 6, 6, 6, 6, 6, 6, 6, 6, 6, 6, 6, 6, 6, 6], [6, 6, 6, 6, 6, 6, 6, 6, 6, 6, 6, 6, 6, 6, 6, 6, 6, 6, 6, 6, 6, 6, 6, 6], [6, 6, 6, 6, 6, 6, 6, 6, 6, 6, 6, 6, 6, 6, 6, 6, 6, 6, 6, 6, 6, 6, 6, 6], [6, 6, 6, 6, 6, 6, 6, 6, 6, 6, 6, 6, 6, 6, 6, 6, 6, 6, 6, 6, 6, 6, 6, 6]]]}"
5/19/2026,Question 10,1,Question Time 10,240,Question Cost 10,$0.33,Question Tokens 10,47341,Cell Accuracy 10,100%,Output 10,"{""outputs"": [ [ [8, 8, 8, 8, 8, 8, 8, 4, 4, 4, 4, 4, 4, 4, 4, 8, 8, 8, 8, 8, 8, 8, 8, 8, 8], [8, 8, 8, 8, 8, 8, 8, 8, 8, 8, 8, 8, 8, 8, 8, 8, 8, 8, 8, 8, 8, 8, 8, 8, 8], [8, 8, 8, 8, 8, 8, 8, 4, 4, 4, 4, 4, 4, 4, 4, 8, 8, 8, 8, 8, 8, 8, 8, 8, 8], [8, 8, 8, 8, 8, 8, 8, 8, 8, 8, 8, 8, 8, 8, 8, 8, 8, 8, 8, 8, 8, 8, 8, 8, 8], [8, 8, 8, 3, 3, 3, 3, 3, 3, 3, 3, 3, 3, 3, 3, 3, 3, 3, 3, 3, 8, 8, 8, 8, 8], [8, 8, 8, 8, 6, 6, 6, 8, 8, 8, 8, 8, 8, 8, 8, 6, 6, 6, 6, 6, 6, 6, 8, 8, 8], [8, 8, 8, 8, 8, 6, 6, 4, 4, 4, 4, 4, 4, 4, 4, 6, 6, 6, 6, 6, 6, 6, 8, 8, 8], [8, 8, 8, 8, 8, 8, 8, 8, 8, 8, 8, 8, 8, 8, 8, 6, 6, 8, 6, 6, 6, 8, 8, 8, 8], [8, 8, 8, 8, 8, 8, 8, 4, 4, 4, 4, 4, 4, 4, 4, 6, 6, 6, 8, 8, 8, 8, 8, 8, 8], [8, 8, 8, 8, 8, 6, 8, 8, 8, 8, 8, 8, 8, 8, 8, 6, 6, 6, 8, 8, 8, 8, 8, 8, 8], [8, 8, 8, 3, 3, 3, 3, 3, 3, 3, 3, 3, 3, 3, 3, 8, 8, 8, 8, 8, 8, 8, 8, 8, 8], [8, 8, 8, 8, 8, 6, 6, 8, 8, 8, 8, 8, 8, 8, 8, 8, 8, 8, 8, 8, 8, 8, 8, 8, 8], [8, 8, 8, 8, 8, 8, 8, 4, 4, 4, 4, 4, 4, 4, 4, 8, 8, 8, 8, 8, 8, 8, 8, 8, 8], [8, 8, 8, 8, 8, 8, 8, 8, 8, 8, 8, 8, 8, 8, 8, 6, 6, 6, 6, 6, 6, 6, 8, 8, 8], [8, 8, 8, 8, 8, 8, 8, 4, 4, 4, 4, 4, 4, 4, 4, 6, 6, 6, 6, 6, 6, 6, 6, 8, 8], [8, 8, 8, 8, 6, 6, 6, 8, 8, 8, 8, 8, 8, 8, 8, 8, 8, 8, 8, 8, 6, 6, 8, 8, 8], [8, 8, 8, 3, 3, 3, 3, 3, 3, 3, 3, 3, 3, 3, 3, 8, 8, 8, 3, 3, 3, 3, 8, 8, 8], [8, 8, 6, 6, 6, 6, 6, 8, 8, 8, 8, 8, 8, 8, 8, 8, 8, 6, 6, 6, 6, 6, 6, 6, 6], [8, 8, 8, 8, 6, 6, 6, 4, 4, 4, 4, 4, 4, 4, 4, 8, 8, 8, 6, 6, 6, 6, 6, 6, 6], [8, 8, 8, 8, 8, 8, 8, 8, 8, 8, 8, 8, 8, 8, 8, 8, 8, 8, 8, 6, 6, 6, 6, 6, 6], [8, 8, 8, 8, 8, 6, 6, 4, 4, 4, 4, 4, 4, 4, 4, 6, 6, 8, 8, 6, 6, 6, 6, 6, 8], [8, 8, 6, 6, 6, 6, 6, 8, 8, 8, 8, 8, 8, 8, 8, 8, 8, 8, 8, 8, 8, 8, 8, 8, 8], [8, 8, 8, 8, 8, 3, 3, 3, 3, 3, 3, 3, 3, 3, 3, 3, 3, 8, 8, 8, 8, 8, 8, 8, 8], [8, 8, 8, 8, 8, 6, 6, 8, 8, 8, 8, 8, 8, 8, 8, 6, 6, 8, 8, 8, 8, 8, 8, 8, 8], [8, 8, 8, 8, 8, 8, 8, 4, 4, 4, 4, 4, 4, 4, 4, 6, 6, 8, 8, 8, 8, 8, 8, 8, 8] ], [ [2, 2, 2, 2, 2, 2, 2, 2, 2, 2, 2, 2, 2, 2, 2, 2, 2, 2, 2, 2, 2, 2, 2, 2, 2, 2, 2, 2, 2, 2], [2, 2, 2, 2, 2, 2, 2, 2, 2, 1, 3, 2, 2, 2, 2, 2, 2, 2, 2, 2, 2, 2, 2, 2, 2, 2, 2, 1, 2, 2], [2, 2, 2, 2, 2, 2, 2, 2, 1, 1, 3, 1, 2, 2, 2, 2, 2, 2, 2, 2, 2, 2, 2, 2, 2, 2, 1, 1, 3, 2], [2, 2, 2, 2, 2, 2, 2, 1, 1, 1, 3, 1, 1, 1, 1, 2, 2, 2, 2, 2, 2, 2, 2, 2, 2, 1, 1, 1, 3, 2], [2, 2, 2, 2, 2, 2, 2, 1, 1, 1, 3, 1, 1, 1, 1, 2, 2, 2, 1, 1, 2, 2, 2, 2, 2, 1, 1, 1, 3, 2], [4, 2, 4, 2, 3, 2, 4, 2, 4, 2, 3, 2, 4, 2, 4, 2, 3, 2, 4, 2, 4, 2, 3, 2, 4, 2, 4, 2, 3, 2], [4, 2, 4, 2, 3, 2, 4, 2, 4, 2, 3, 2, 4, 2, 4, 2, 3, 2, 4, 2, 4, 2, 3, 2, 4, 2, 4, 2, 3, 2], [4, 2, 4, 2, 3, 2, 4, 2, 4, 2, 3, 2, 4, 2, 4, 2, 3, 2, 4, 2, 4, 2, 3, 2, 4, 2, 4, 2, 3, 2], [4, 2, 4, 2, 3, 2, 4, 2, 4, 2, 3, 2, 4, 2, 4, 2, 3, 2, 4, 2, 4, 2, 3, 2, 4, 2, 4, 2, 3, 2], [4, 2, 4, 2, 3, 2, 4, 2, 4, 2, 3, 2, 4, 2, 4, 2, 3, 2, 4, 2, 4, 2, 3, 2, 4, 2, 4, 2, 3, 2], [2, 2, 2, 1, 3, 1, 1, 2, 2, 2, 2, 2, 2, 2, 2, 2, 2, 2, 1, 1, 1, 2, 2, 2, 2, 2, 2, 2, 2, 2], [2, 2, 2, 1, 3, 1, 2, 2, 2, 2, 2, 2, 2, 2, 2, 2, 2, 2, 1, 1, 1, 2, 2, 2, 2, 2, 2, 2, 2, 2], [2, 2, 2, 1, 3, 1, 2, 2, 2, 2, 2, 2, 2, 2, 2, 2, 2, 2, 2, 1, 1, 2, 2, 2, 2, 2, 2, 2, 2, 2], [2, 2, 2, 1, 3, 2, 2, 2, 2, 1, 3, 1, 1, 2, 2, 2, 2, 2, 2, 2, 2, 2, 2, 2, 1, 1, 2, 2, 2, 2], [2, 1, 1, 1, 3, 2, 2, 2, 1, 1, 3, 1, 1, 1, 2, 2, 2, 2, 2, 2, 2, 2, 2, 1, 1, 1, 2, 2, 2, 2], [2, 2, 1, 1, 2, 2, 2, 2, 1, 1, 3, 1, 1, 1, 2, 2, 2, 1, 2, 2, 2, 2, 2, 1, 1, 1, 2, 2, 2, 2], [2, 2, 1, 1, 2, 2, 1, 1, 1, 1, 3, 1, 1, 1, 2, 2, 3, 1, 2, 2, 2, 2, 3, 1, 1, 1, 2, 2, 2, 2], [2, 2, 2, 2, 2, 1, 1, 2, 1, 1, 3, 1, 2, 2, 2, 2, 3, 1, 2, 2, 2, 1, 3, 1, 1, 1, 2, 2, 2, 2], [2, 2, 2, 2, 2, 2, 2, 2, 1, 1, 3, 1, 2, 2, 2, 2, 3, 1, 2, 2, 1, 1, 3, 1, 1, 1, 2, 2, 2, 2], [2, 2, 2, 2, 2, 2, 2, 2, 2, 1, 3, 1, 2, 2, 2, 2, 2, 2, 2, 2, 1, 1, 3, 1, 1, 1, 1, 2, 2, 2], [2, 2, 1, 1, 3, 2, 2, 2, 2, 2, 2, 2, 2, 2, 2, 2, 2, 2, 2, 2, 1, 1, 3, 1, 1, 1, 1, 2, 2, 2], [2, 2, 1, 1, 3, 2, 2, 2, 2, 2, 2, 2, 2, 2, 2, 2, 2, 2, 2, 2, 1, 1, 3, 1, 1, 1, 1, 2, 2, 2], [2, 2, 2, 1, 3, 1, 1, 2, 2, 2, 2, 2, 2, 2, 2, 2, 2, 2, 2, 2, 2, 2, 3, 1, 1, 1, 1, 2, 2, 2], [2, 2, 2, 1, 3, 1, 1, 1, 2, 2, 2, 2, 2, 1, 1, 1, 2, 2, 2, 2, 2, 2, 2, 1, 1, 1, 1, 2, 2, 2], [2, 2, 2, 1, 3, 1, 1, 2, 2, 2, 2, 1, 1, 1, 1, 1, 3, 2, 2, 2, 2, 2, 2, 1, 1, 1, 2, 2, 2, 2], [2, 2, 1, 1, 3, 1, 2, 2, 2, 1, 3, 1, 1, 1, 1, 1, 3, 2, 2, 2, 2, 2, 2, 2, 2, 1, 2, 2, 2, 2], [2, 2, 2, 1, 3, 1, 2, 2, 2, 1, 3, 1, 1, 1, 1, 1, 2, 2, 2, 2, 2, 2, 2, 2, 2, 1, 2, 2, 2, 2], [2, 2, 2, 1, 3, 1, 2, 2, 2, 2, 2, 2, 1, 1, 2, 2, 2, 2, 2, 2, 2, 2, 2, 2, 2, 2, 2, 2, 2, 2], [2, 2, 2, 2, 2, 2, 2, 2, 2, 2, 2, 2, 2, 2, 2, 2, 2, 2, 2, 2, 2, 2, 2, 2, 2, 2, 2, 2, 2, 2], [2, 2, 2, 2, 2, 2, 2, 2, 2, 2, 2, 2, 2, 2, 2, 2, 2, 2, 2, 2, 2, 2, 2, 2, 2, 2, 2, 2, 2, 2] ] ]}"
Code execution?:,Question 11,1,Question Time 11,660,Question Cost 11,$0.73,Question Tokens 11,"88,552",Cell Accuracy 11,100%,Output 11,"{ ""outputs"": [ [ [8, 7, 8, 7, 8, 7, 8, 7, 7, 7, 7, 7, 7, 7, 7, 7, 8, 8, 8, 8], [8, 8, 8, 8, 8, 8, 8, 8, 8, 8, 8, 7, 7, 7, 7, 7, 8, 8, 8, 8], [8, 7, 8, 7, 8, 7, 8, 7, 8, 7, 8, 7, 7, 7, 7, 7, 7, 8, 8, 7], [7, 8, 7, 8, 7, 8, 7, 8, 8, 7, 8, 7, 7, 7, 7, 7, 7, 8, 8, 7], [7, 8, 8, 8, 8, 8, 8, 7, 8, 7, 8, 7, 7, 7, 7, 7, 7, 8, 8, 7], [7, 7, 7, 7, 7, 7, 8, 7, 8, 7, 8, 7, 7, 7, 7, 7, 8, 8, 8, 7], [7, 7, 7, 7, 7, 7, 8, 7, 8, 7, 8, 7, 7, 7, 7, 8, 8, 8, 7, 7], [8, 7, 7, 7, 7, 7, 8, 7, 8, 7, 8, 7, 7, 7, 8, 8, 8, 7, 7, 7], [7, 8, 7, 7, 7, 7, 8, 7, 8, 7, 8, 7, 7, 8, 8, 8, 7, 7, 7, 7], [7, 7, 8, 8, 8, 8, 8, 8, 8, 8, 8, 8, 8, 8, 8, 7, 7, 7, 7, 7], [7, 8, 7, 7, 7, 7, 7, 7, 7, 8, 7, 8, 7, 7, 7, 7, 7, 7, 7, 7], [8, 7, 7, 7, 7, 7, 7, 7, 7, 8, 8, 8, 7, 7, 7, 7, 7, 7, 7, 7], [7, 7, 7, 7, 7, 7, 7, 8, 8, 8, 8, 8, 8, 8, 7, 7, 7, 7, 7, 7], [7, 7, 8, 8, 8, 7, 7, 8, 7, 7, 7, 7, 7, 8, 7, 7, 7, 7, 7, 7], [8, 8, 8, 7, 8, 8, 8, 8, 8, 8, 8, 8, 8, 8, 8, 8, 7, 7, 7, 7], [8, 7, 7, 7, 7, 8, 7, 7, 7, 7, 7, 7, 7, 7, 7, 8, 8, 8, 8, 8], [8, 8, 7, 7, 8, 8, 7, 7, 7, 7, 7, 7, 7, 7, 7, 8, 8, 8, 8, 8], [7, 8, 7, 8, 8, 8, 8, 8, 8, 8, 8, 8, 8, 8, 8, 8, 8, 8, 7, 7], [7, 8, 8, 8, 7, 8, 8, 8, 8, 8, 8, 8, 8, 8, 8, 8, 7, 7, 7, 7], [7, 7, 8, 7, 7, 7, 7, 7, 7, 7, 7, 7, 7, 7, 7, 7, 7, 7, 7, 7] ], [ [6, 6, 5, 6, 6, 6, 6, 6, 6, 6, 6, 6, 6, 6, 6, 6, 6, 6, 6, 6], [6, 5, 5, 5, 6, 5, 5, 5, 5, 5, 5, 5, 5, 5, 5, 5, 6, 6, 6, 6], [6, 5, 6, 5, 5, 5, 5, 5, 5, 5, 5, 5, 5, 5, 5, 5, 5, 5, 6, 6], [5, 5, 6, 6, 5, 5, 6, 6, 6, 6, 6, 6, 6, 6, 6, 5, 5, 5, 5, 5], [5, 6, 6, 6, 6, 5, 6, 6, 6, 6, 6, 6, 6, 6, 6, 5, 5, 5, 5, 5], [5, 5, 5, 6, 5, 5, 5, 5, 5, 5, 5, 5, 5, 5, 5, 5, 6, 6, 6, 6], [6, 6, 5, 5, 5, 6, 6, 5, 6, 6, 6, 6, 6, 5, 6, 6, 6, 6, 6, 6], [6, 6, 6, 6, 6, 6, 6, 5, 5, 5, 5, 5, 5, 5, 6, 6, 6, 6, 6, 6], [5, 6, 6, 6, 6, 6, 6, 6, 6, 5, 5, 5, 6, 6, 6, 6, 6, 6, 6, 6], [6, 5, 6, 6, 6, 6, 6, 6, 6, 5, 6, 5, 6, 6, 6, 6, 6, 6, 6, 6], [6, 6, 5, 5, 5, 5, 5, 5, 5, 5, 5, 5, 5, 5, 5, 6, 6, 6, 6, 6], [6, 5, 6, 6, 6, 6, 5, 6, 5, 6, 5, 6, 6, 5, 5, 5, 6, 6, 6, 6], [5, 6, 6, 6, 6, 6, 5, 6, 5, 6, 5, 6, 6, 6, 5, 5, 5, 6, 6, 6], [6, 6, 6, 6, 6, 6, 5, 6, 5, 6, 5, 6, 6, 6, 6, 5, 5, 5, 6, 6], [6, 6, 6, 6, 6, 6, 5, 6, 5, 6, 5, 6, 6, 6, 6, 6, 5, 5, 5, 6], [6, 5, 5, 5, 5, 5, 5, 6, 5, 6, 5, 6, 6, 6, 6, 6, 6, 5, 5, 6], [6, 5, 6, 5, 6, 5, 6, 5, 5, 6, 5, 6, 6, 6, 6, 6, 6, 5, 5, 6], [5, 6, 5, 6, 5, 6, 5, 6, 5, 6, 5, 6, 6, 6, 6, 6, 6, 5, 5, 6], [5, 5, 5, 5, 5, 5, 5, 5, 5, 5, 5, 6, 6, 6, 6, 6, 5, 5, 5, 5], [5, 6, 5, 6, 5, 6, 5, 6, 6, 6, 6, 6, 6, 6, 6, 6, 5, 5, 5, 5] ] ] }"
TRUE,Question 12,1,Question Time 12,339,Question Cost 12,$0.39,Question Tokens 12,44805,Cell Accuracy 12,100%,Output 12,"{""output"": [[0, 0, 0, 0, 0, 0, 0, 0, 0, 0], [9, 9, 0, 0, 0, 0, 0, 0, 0, 0], [0, 9, 9, 0, 0, 0, 0, 0, 0, 0], [0, 0, 9, 9, 9, 0, 0, 0, 0, 5], [0, 0, 0, 0, 9, 9, 9, 0, 0, 5], [0, 0, 0, 0, 0, 0, 0, 5, 0, 5], [3, 0, 0, 0, 0, 0, 0, 0, 0, 5], [3, 3, 0, 0, 0, 0, 5, 5, 1, 5], [3, 3, 3, 1, 1, 5, 5, 5, 1, 5], [3, 3, 3, 3, 5, 5, 5, 5, 1, 5]]}"
Thinking level?:,Question 13,0,Question Time 13,312,Question Cost 13,$0.53,Question Tokens 13,"61,670",Cell Accuracy 13,97.5%,Output 13,"{""output"": [[8, 8, 8, 8, 8, 8, 8, 8, 8, 8, 6, 8, 8, 8, 8, 8, 8], [0, 0, 0, 0, 0, 0, 0, 0, 0, 8, 6, 8, 0, 0, 0, 0, 0], [3, 3, 8, 8, 8, 8, 8, 8, 8, 8, 6, 8, 8, 6, 8, 8, 3], [0, 0, 0, 0, 0, 0, 0, 0, 0, 0, 0, 0, 8, 6, 8, 0, 0], [3, 8, 8, 8, 8, 8, 8, 0, 8, 8, 8, 8, 8, 6, 8, 3, 3], [0, 0, 0, 0, 0, 0, 0, 0, 0, 0, 0, 0, 0, 0, 0, 0, 0], [8, 8, 8, 8, 8, 8, 8, 6, 8, 8, 8, 8, 8, 8, 8, 8, 8], [0, 0, 0, 0, 0, 0, 8, 6, 8, 0, 0, 0, 0, 0, 0, 0, 0], [3, 3, 8, 8, 6, 8, 8, 6, 8, 8, 8, 8, 8, 8, 8, 8, 3], [0, 0, 0, 8, 6, 8, 0, 0, 0, 0, 0, 0, 0, 0, 0, 0, 0], [3, 3, 8, 8, 6, 8, 8, 8, 8, 8, 0, 8, 8, 8, 8, 8, 3], [0, 0, 0, 0, 0, 0, 0, 0, 0, 0, 0, 0, 0, 0, 0, 0, 0], [8, 8, 8, 8, 8, 8, 8, 8, 8, 8, 6, 8, 8, 8, 8, 8, 8], [0, 0, 0, 0, 0, 0, 0, 0, 0, 8, 6, 8, 0, 0, 0, 0, 0], [8, 8, 8, 8, 8, 8, 8, 6, 8, 8, 6, 8, 8, 8, 8, 8, 3], [0, 0, 0, 0, 0, 0, 8, 6, 8, 0, 0, 0, 0, 0, 0, 0, 0], [3, 8, 8, 6, 8, 8, 8, 6, 8, 8, 8, 8, 6, 8, 8, 8, 8], [0, 0, 8, 6, 8, 0, 0, 0, 0, 0, 0, 8, 6, 8, 0, 0, 0], [3, 8, 8, 6, 8, 8, 3, 0, 3, 8, 8, 8, 6, 8, 8, 8, 3]]}"
High,Question 14,0,Question Time 14,,Question Cost 14,,Question Tokens 14,,Cell Accuracy 14,,Output 14,
Total Tokens:,Question 15,1,Question Time 15,240,Question Cost 15,$0.36,Question Tokens 15,48588,Cell Accuracy 15,100%,Output 15,"{""output"": [[8, 8, 8, 8, 8, 8, 8, 8, 8, 8, 8, 8, 8, 8, 8, 8, 8, 8, 8, 8, 8, 8, 8, 8, 8, 8], [8, 8, 8, 8, 8, 8, 8, 8, 8, 8, 8, 8, 8, 8, 8, 8, 8, 8, 8, 8, 8, 8, 8, 8, 8, 8], [8, 8, 8, 8, 8, 8, 8, 8, 8, 8, 8, 8, 8, 8, 8, 8, 8, 8, 8, 8, 8, 8, 8, 8, 8, 8], [8, 8, 8, 8, 8, 8, 8, 8, 8, 8, 8, 8, 8, 8, 8, 8, 8, 8, 8, 8, 8, 8, 8, 8, 8, 8], [8, 8, 8, 8, 8, 8, 8, 8, 8, 8, 8, 8, 8, 8, 8, 8, 8, 8, 8, 8, 8, 8, 8, 8, 8, 8], [8, 8, 8, 8, 8, 8, 8, 8, 8, 8, 8, 8, 8, 8, 8, 8, 8, 8, 8, 8, 8, 8, 8, 8, 8, 8], [8, 8, 8, 8, 8, 8, 8, 8, 8, 8, 8, 8, 8, 8, 8, 8, 8, 8, 8, 8, 8, 8, 8, 8, 8, 8], [8, 8, 8, 8, 8, 8, 8, 8, 8, 8, 8, 8, 8, 1, 1, 1, 1, 8, 8, 8, 8, 8, 8, 8, 8, 8], [8, 8, 8, 8, 8, 8, 8, 8, 8, 8, 8, 8, 8, 8, 1, 1, 8, 8, 8, 8, 8, 8, 8, 8, 8, 8], [8, 8, 8, 8, 8, 8, 8, 8, 8, 8, 8, 8, 8, 8, 1, 1, 8, 8, 8, 8, 8, 8, 8, 8, 8, 8], [8, 8, 8, 8, 8, 8, 8, 8, 8, 8, 4, 4, 8, 8, 1, 1, 8, 8, 8, 8, 2, 8, 8, 8, 8, 8], [8, 8, 8, 8, 8, 8, 8, 8, 8, 8, 8, 4, 4, 4, 8, 8, 2, 2, 2, 2, 8, 8, 8, 8, 8, 8], [8, 8, 8, 8, 8, 8, 8, 8, 8, 8, 8, 4, 4, 4, 8, 8, 2, 2, 2, 2, 8, 8, 8, 8, 8, 8], [8, 8, 8, 8, 8, 8, 8, 8, 8, 8, 4, 4, 8, 8, 6, 6, 8, 8, 8, 8, 2, 8, 8, 8, 8, 8], [8, 8, 8, 8, 8, 8, 8, 8, 8, 8, 8, 8, 8, 8, 6, 6, 8, 8, 8, 8, 8, 8, 8, 8, 8, 8], [8, 8, 8, 8, 8, 8, 8, 8, 8, 8, 8, 8, 8, 8, 6, 6, 8, 8, 8, 8, 8, 8, 8, 8, 8, 8], [8, 8, 8, 8, 8, 8, 8, 8, 8, 8, 8, 8, 8, 8, 6, 6, 8, 8, 8, 8, 8, 8, 8, 8, 8, 8], [8, 8, 8, 8, 8, 8, 8, 8, 8, 8, 8, 8, 6, 6, 6, 6, 6, 6, 8, 8, 8, 8, 8, 8, 8, 8], [8, 8, 8, 8, 8, 8, 8, 8, 8, 8, 8, 8, 8, 8, 8, 8, 8, 8, 8, 8, 8, 8, 8, 8, 8, 8], [8, 8, 8, 8, 8, 8, 8, 8, 8, 8, 8, 8, 8, 8, 8, 8, 8, 8, 8, 8, 8, 8, 8, 8, 8, 8], [8, 8, 8, 8, 8, 8, 8, 8, 8, 8, 8, 8, 8, 8, 8, 8, 8, 8, 8, 8, 8, 8, 8, 8, 8, 8], [8, 8, 8, 8, 8, 8, 8, 8, 8, 8, 8, 8, 8, 8, 8, 8, 8, 8, 8, 8, 8, 8, 8, 8, 8, 8], [8, 8, 8, 8, 8, 8, 8, 8, 8, 8, 8, 8, 8, 8, 8, 8, 8, 8, 8, 8, 8, 8, 8, 8, 8, 8], [8, 8, 8, 8, 8, 8, 8, 8, 8, 8, 8, 8, 8, 8, 8, 8, 8, 8, 8, 8, 8, 8, 8, 8, 8, 8]]}"
1000380,Question 16,0,Question Time 16,250,Question Cost 16,$0.39,Question Tokens 16,51119,Cell Accuracy 16,99.30%,Output 16,"{ ""outputs"": [[ [9, 9, 9, 9, 9, 9, 9, 9, 9, 9, 9, 9, 9], [9, 7, 7, 7, 7, 7, 7, 7, 7, 7, 7, 7, 9], [9, 7, 9, 9, 9, 9, 9, 9, 9, 7, 7, 7, 9], [9, 7, 9, 7, 7, 7, 7, 7, 9, 7, 7, 7, 9], [9, 7, 9, 7, 9, 7, 9, 7, 9, 7, 9, 7, 9], [9, 7, 9, 7, 7, 7, 7, 7, 9, 7, 7, 7, 9], [9, 7, 9, 9, 9, 9, 9, 9, 9, 7, 7, 7, 9], [9, 7, 7, 7, 7, 7, 7, 7, 7, 7, 7, 7, 9], [9, 9, 9, 9, 9, 9, 9, 9, 9, 9, 9, 9, 9]], [[6, 6, 6, 6, 6, 6, 6, 6, 6, 6, 6], [6, 8, 8, 8, 8, 8, 8, 8, 8, 8, 6], [6, 8, 8, 8, 8, 8, 6, 8, 8, 8, 6], [6, 8, 8, 8, 8, 8, 8, 8, 8, 8, 6], [6, 8, 8, 8, 6, 6, 6, 6, 6, 8, 6], [6, 8, 8, 8, 6, 8, 8, 8, 6, 8, 6], [6, 8, 6, 8, 6, 8, 6, 8, 6, 8, 6], [6, 8, 8, 8, 6, 8, 8, 8, 6, 8, 6], [6, 8, 8, 8, 6, 6, 6, 6, 6, 8, 6], [6, 8, 8, 8, 8, 8, 8, 8, 8, 8, 6], [6, 6, 6, 6, 6, 6, 6, 6, 6, 6, 6], [8, 8, 8, 8, 8, 8, 8, 8, 8, 8, 8], [8, 8, 8, 8, 8, 6, 8, 8, 8, 8, 8], [8, 8, 8, 8, 8, 8, 8, 8, 8, 8, 8]]] }"
,Question 17,1,Question Time 17,269,Question Cost 17,$0.51,Question Tokens 17,67009,Cell Accuracy 17,100%,Output 17,"{""output"": [[2, 2, 2, 2, 2, 2, 2, 2, 2, 2, 2, 2, 2, 2, 2, 2, 2, 2, 2, 2, 2, 3, 3, 3], [2, 2, 2, 2, 2, 2, 2, 2, 2, 2, 2, 2, 2, 2, 2, 2, 2, 2, 2, 2, 2, 3, 3, 3], [2, 2, 2, 2, 2, 2, 2, 2, 2, 2, 2, 2, 2, 2, 2, 2, 2, 2, 2, 2, 2, 3, 3, 3], [8, 8, 8, 8, 8, 8, 8, 8, 8, 8, 8, 9, 9, 9, 9, 9, 9, 9, 9, 9, 9, 3, 3, 3], [8, 8, 8, 8, 8, 8, 8, 8, 8, 8, 8, 9, 9, 9, 9, 9, 9, 9, 9, 9, 9, 3, 3, 3], [8, 8, 8, 8, 8, 8, 8, 8, 8, 8, 8, 9, 9, 9, 9, 9, 9, 9, 9, 9, 9, 3, 3, 3], [1, 1, 1, 9, 9, 9, 9, 9, 8, 8, 8, 9, 9, 9, 9, 9, 9, 9, 9, 9, 9, 3, 3, 3], [1, 1, 1, 8, 8, 8, 8, 8, 8, 8, 8, 8, 8, 8, 8, 8, 8, 8, 8, 8, 8, 3, 3, 3], [1, 1, 1, 8, 8, 8, 8, 8, 8, 8, 8, 8, 8, 8, 8, 8, 8, 8, 8, 8, 8, 3, 3, 3], [1, 1, 1, 8, 8, 8, 8, 8, 8, 8, 8, 8, 8, 8, 8, 8, 8, 8, 8, 8, 8, 3, 3, 3], [1, 1, 1, 8, 8, 8, 9, 9, 8, 8, 8, 9, 9, 9, 9, 9, 9, 9, 8, 8, 8, 3, 3, 3], [1, 1, 1, 8, 8, 8, 9, 9, 8, 8, 8, 9, 9, 9, 9, 9, 9, 9, 8, 8, 8, 3, 3, 3], [1, 1, 1, 8, 8, 8, 9, 9, 8, 8, 8, 9, 9, 9, 9, 9, 9, 9, 8, 8, 8, 3, 3, 3], [1, 1, 1, 8, 8, 8, 9, 9, 8, 8, 8, 9, 9, 9, 9, 9, 9, 9, 8, 8, 8, 9, 9, 9], [1, 1, 1, 8, 8, 8, 9, 9, 8, 8, 8, 8, 8, 8, 8, 8, 8, 8, 8, 8, 8, 8, 8, 8], [1, 1, 1, 8, 8, 8, 9, 9, 8, 8, 8, 8, 8, 8, 8, 8, 8, 8, 8, 8, 8, 8, 8, 8], [9, 9, 9, 8, 8, 8, 9, 9, 8, 8, 8, 8, 8, 8, 8, 8, 8, 8, 8, 8, 8, 8, 8, 8], [9, 9, 9, 8, 8, 8, 9, 4, 4, 4, 4, 4, 4, 4, 4, 4, 9, 9, 8, 8, 8, 9, 9, 9], [9, 9, 9, 8, 8, 8, 9, 4, 4, 4, 4, 4, 4, 4, 4, 4, 9, 9, 8, 8, 8, 9, 9, 9], [9, 9, 9, 8, 8, 8, 9, 4, 4, 4, 4, 4, 4, 4, 4, 4, 9, 9, 8, 8, 8, 9, 9, 9], [9, 9, 9, 8, 8, 8, 9, 9, 9, 9, 9, 9, 9, 9, 9, 9, 9, 9, 8, 8, 8, 9, 9, 9], [9, 9, 9, 8, 8, 8, 9, 9, 9, 9, 9, 9, 9, 9, 9, 9, 9, 9, 8, 8, 8, 9, 9, 9], [9, 9, 9, 8, 8, 8, 9, 9, 9, 9, 9, 9, 9, 9, 9, 9, 9, 9, 8, 8, 8, 9, 9, 9], [9, 9, 9, 8, 8, 8, 9, 9, 9, 9, 9, 9, 9, 9, 9, 9, 9, 9, 8, 8, 8, 9, 9, 9]]}"
,Question 18,1,Question Time 18,322,Question Cost 18,$0.53,Question Tokens 18,64763,Cell Accuracy 18,100%,Output 18,"{""output"": [[0, 0, 0, 0, 0, 0, 0, 0, 0, 0, 0, 0, 0, 0, 3, 0, 0, 0, 0, 0, 0], [0, 0, 0, 0, 0, 0, 0, 0, 0, 0, 0, 0, 0, 3, 0, 3, 0, 0, 0, 0, 0], [0, 0, 0, 6, 0, 0, 7, 1, 0, 0, 0, 0, 3, 0, 0, 0, 3, 0, 0, 0, 0], [0, 0, 4, 6, 0, 0, 7, 1, 0, 0, 0, 3, 0, 0, 0, 0, 0, 3, 0, 0, 0], [0, 0, 4, 6, 0, 0, 7, 1, 0, 0, 3, 0, 0, 0, 0, 0, 0, 3, 0, 0, 0], [0, 0, 4, 6, 0, 0, 7, 1, 0, 3, 0, 0, 0, 0, 0, 0, 0, 3, 0, 0, 0], [0, 0, 4, 6, 0, 0, 7, 1, 0, 0, 3, 3, 3, 3, 0, 0, 0, 3, 0, 0, 0], [0, 0, 4, 6, 0, 0, 7, 1, 0, 0, 0, 0, 0, 0, 3, 0, 0, 3, 0, 0, 0], [0, 0, 4, 6, 0, 0, 7, 1, 0, 0, 0, 0, 0, 0, 0, 3, 3, 3, 0, 0, 0], [0, 0, 4, 6, 0, 0, 7, 1, 0, 0, 0, 0, 0, 0, 0, 0, 0, 0, 0, 0, 0], [0, 0, 4, 6, 0, 0, 7, 1, 0, 0, 0, 0, 0, 0, 0, 0, 0, 0, 0, 0, 0], [0, 0, 4, 6, 0, 0, 7, 1, 0, 0, 0, 0, 0, 0, 0, 0, 0, 0, 0, 0, 0], [0, 0, 4, 6, 0, 0, 7, 1, 0, 0, 0, 0, 0, 0, 0, 0, 0, 0, 0, 0, 0], [0, 0, 4, 6, 0, 0, 7, 1, 0, 0, 8, 0, 0, 0, 0, 0, 0, 0, 0, 0, 0], [0, 0, 4, 6, 0, 0, 7, 1, 0, 0, 0, 0, 0, 0, 0, 0, 0, 0, 0, 0, 0], [0, 0, 4, 6, 0, 0, 7, 1, 0, 0, 0, 0, 0, 0, 0, 0, 8, 0, 0, 0, 0], [0, 0, 4, 6, 0, 0, 7, 1, 0, 0, 0, 0, 0, 0, 0, 0, 0, 0, 0, 0, 0], [0, 0, 4, 6, 0, 0, 7, 1, 0, 0, 0, 0, 0, 8, 0, 0, 0, 0, 0, 0, 0], [0, 0, 4, 0, 0, 0, 0, 0, 0, 0, 0, 0, 0, 0, 0, 0, 0, 0, 0, 0, 0], [0, 0, 0, 0, 0, 0, 0, 0, 0, 0, 0, 0, 0, 0, 0, 0, 0, 0, 0, 0, 0], [0, 0, 0, 0, 0, 0, 0, 0, 0, 0, 0, 0, 0, 0, 0, 0, 0, 0, 0, 0, 0]]}"
,Question 19,1,Question Time 19,210,Question Cost 19,$0.37,Question Tokens 19,47990,Cell Accuracy 19,100%,Output 19,"{""outputs"": [ [[0, 0, 0, 4, 4, 0, 0, 0, 4, 4, 0, 0, 0], [0, 0, 4, 3, 3, 4, 4, 4, 8, 8, 4, 0, 0], [0, 4, 3, 3, 3, 3, 4, 8, 8, 8, 8, 4, 0], [0, 4, 3, 3, 3, 3, 4, 8, 8, 8, 8, 4, 0], [0, 4, 4, 4, 3, 3, 4, 8, 8, 4, 4, 4, 0], [0, 0, 4, 4, 4, 4, 4, 4, 4, 4, 4, 0, 0], [0, 4, 5, 5, 5, 4, 4, 4, 5, 5, 5, 4, 0], [0, 4, 5, 5, 5, 4, 2, 4, 5, 5, 5, 4, 0], [0, 4, 4, 4, 4, 2, 2, 2, 4, 4, 4, 4, 0], [0, 4, 1, 4, 4, 4, 2, 4, 4, 4, 1, 4, 0], [0, 4, 4, 4, 7, 4, 4, 4, 7, 4, 4, 4, 0], [0, 0, 4, 7, 7, 7, 4, 7, 7, 7, 4, 0, 0], [4, 4, 7, 7, 7, 7, 7, 7, 7, 7, 7, 4, 4], [0, 4, 7, 7, 7, 7, 7, 7, 7, 7, 7, 4, 0], [0, 4, 7, 7, 7, 7, 4, 7, 7, 7, 7, 4, 0], [0, 4, 4, 4, 4, 4, 4, 4, 4, 4, 4, 4, 0], [0, 0, 0, 0, 4, 6, 6, 6, 4, 0, 0, 0, 0], [0, 0, 0, 0, 4, 4, 4, 4, 4, 0, 0, 0, 0]], [[4, 4, 4, 4, 2, 2, 2, 4, 4, 4, 4], [4, 4, 4, 2, 2, 8, 2, 2, 4, 4, 4], [4, 2, 2, 2, 8, 8, 8, 2, 2, 2, 4], [2, 1, 1, 2, 2, 8, 2, 2, 9, 9, 2], [2, 1, 1, 2, 7, 2, 7, 2, 9, 9, 2], [2, 2, 2, 2, 7, 7, 7, 2, 2, 2, 2], [4, 2, 2, 7, 7, 7, 7, 7, 2, 2, 4], [4, 2, 2, 2, 2, 2, 2, 2, 2, 2, 4], [4, 2, 8, 8, 8, 2, 8, 8, 8, 2, 4], [4, 2, 8, 8, 8, 2, 8, 8, 8, 2, 4], [2, 5, 2, 2, 2, 3, 2, 2, 2, 5, 2], [2, 2, 2, 2, 3, 3, 3, 2, 2, 2, 2], [4, 4, 4, 2, 2, 3, 2, 2, 4, 4, 4], [4, 4, 4, 4, 2, 2, 2, 4, 4, 4, 4]] ]}"
,Question 20,1,Question Time 20,125,Question Cost 20,$0.24,Question Tokens 20,28521,Cell Accuracy 20,100%,Output 20,"{""output"": [[0, 0, 0, 0, 0, 0, 0, 0, 0, 0, 0, 0, 0], [0, 0, 0, 0, 0, 0, 0, 0, 0, 0, 0, 0, 0], [0, 0, 0, 7, 0, 2, 2, 2, 2, 2, 0, 0, 0], [0, 0, 0, 7, 0, 0, 0, 0, 0, 0, 2, 4, 4], [0, 0, 0, 7, 0, 2, 2, 2, 2, 2, 0, 0, 0], [0, 0, 0, 7, 0, 0, 0, 0, 0, 0, 0, 0, 0], [0, 0, 0, 9, 0, 0, 0, 0, 0, 0, 0, 0, 0], [0, 0, 9, 9, 0, 0, 0, 0, 0, 8, 0, 0, 0], [0, 9, 0, 0, 9, 0, 0, 0, 0, 0, 8, 0, 0], [0, 9, 0, 0, 9, 0, 0, 2, 0, 0, 0, 8, 2], [0, 9, 0, 0, 9, 0, 0, 0, 0, 0, 8, 0, 0], [0, 9, 0, 0, 9, 0, 0, 0, 0, 8, 0, 0, 0]]}"
,Question 21,1,Question Time 21,152,Question Cost 21,$0.35,Question Tokens 21,50715,Cell Accuracy 21,100%,Output 21,"{ ""outputs"": [ [ [1, 1, 1, 1, 1, 1, 1, 1, 1, 1, 1, 1, 1, 1, 1, 1, 1, 1, 1, 1, 1, 1, 1, 1, 1, 1, 1, 1, 1], [1, 2, 2, 2, 2, 2, 1, 1, 2, 2, 2, 2, 2, 1, 1, 1, 1, 1, 1, 1, 2, 2, 2, 2, 2, 1, 1, 1, 1], [1, 2, 2, 2, 2, 2, 1, 1, 2, 2, 2, 2, 2, 1, 1, 1, 1, 1, 1, 1, 2, 2, 2, 2, 2, 1, 1, 1, 1], [1, 2, 2, 4, 2, 2, 4, 4, 2, 2, 8, 2, 2, 8, 8, 8, 8, 8, 8, 8, 2, 2, 9, 2, 2, 1, 1, 1, 1], [1, 2, 2, 2, 2, 2, 1, 1, 2, 2, 2, 2, 2, 1, 1, 1, 1, 1, 1, 1, 2, 2, 2, 2, 2, 1, 1, 1, 1], [1, 2, 2, 2, 2, 2, 1, 1, 2, 2, 2, 2, 2, 1, 1, 1, 1, 1, 1, 1, 2, 2, 2, 2, 2, 1, 1, 1, 1], [1, 1, 1, 1, 1, 1, 1, 1, 1, 1, 1, 1, 1, 1, 1, 1, 1, 1, 1, 1, 1, 1, 9, 1, 1, 1, 1, 1, 1], [1, 1, 1, 1, 1, 1, 1, 1, 1, 1, 1, 1, 1, 1, 1, 1, 1, 1, 1, 1, 1, 1, 9, 1, 1, 1, 1, 1, 1], [1, 2, 2, 2, 2, 2, 1, 1, 2, 2, 2, 2, 2, 1, 1, 1, 1, 1, 1, 1, 2, 2, 2, 2, 2, 1, 1, 1, 1], [1, 2, 2, 2, 2, 2, 1, 1, 2, 2, 2, 2, 2, 1, 1, 1, 1, 1, 1, 1, 2, 2, 2, 2, 2, 1, 1, 1, 1], [1, 2, 2, 6, 2, 2, 7, 7, 2, 2, 7, 2, 2, 4, 4, 4, 4, 4, 4, 4, 2, 2, 4, 2, 2, 1, 1, 1, 1], [1, 2, 2, 2, 2, 2, 1, 1, 2, 2, 2, 2, 2, 1, 1, 1, 1, 1, 1, 1, 2, 2, 2, 2, 2, 1, 1, 1, 1], [1, 2, 2, 2, 2, 2, 1, 1, 2, 2, 2, 2, 2, 1, 1, 1, 1, 1, 1, 1, 2, 2, 2, 2, 2, 1, 1, 1, 1], [1, 1, 1, 6, 1, 1, 1, 1, 1, 1, 1, 1, 1, 1, 1, 1, 1, 1, 1, 1, 1, 1, 1, 1, 1, 1, 1, 1, 1], [1, 1, 1, 6, 1, 1, 1, 1, 1, 1, 1, 1, 1, 1, 1, 1, 1, 1, 1, 1, 1, 1, 1, 1, 1, 1, 1, 1, 1], [1, 2, 2, 2, 2, 2, 1, 1, 2, 2, 2, 2, 2, 1, 2, 2, 2, 2, 2, 1, 2, 2, 2, 2, 2, 1, 1, 1, 1], [1, 2, 2, 2, 2, 2, 1, 1, 2, 2, 2, 2, 2, 1, 2, 2, 2, 2, 2, 1, 2, 2, 2, 2, 2, 1, 1, 1, 1], [1, 2, 2, 9, 2, 2, 9, 9, 2, 2, 4, 2, 2, 4, 2, 2, 5, 2, 2, 5, 2, 2, 3, 2, 2, 1, 1, 1, 1], [1, 2, 2, 2, 2, 2, 1, 1, 2, 2, 2, 2, 2, 1, 2, 2, 2, 2, 2, 1, 2, 2, 2, 2, 2, 1, 1, 1, 1], [1, 2, 2, 2, 2, 2, 1, 1, 2, 2, 2, 2, 2, 1, 2, 2, 2, 2, 2, 1, 2, 2, 2, 2, 2, 1, 1, 1, 1], [1, 1, 1, 1, 1, 1, 1, 1, 1, 1, 1, 1, 1, 1, 1, 1, 1, 1, 1, 1, 1, 1, 3, 1, 1, 1, 1, 1, 1], [1, 1, 1, 1, 1, 1, 1, 1, 1, 1, 1, 1, 1, 1, 1, 1, 1, 1, 1, 1, 2, 2, 2, 2, 2, 1, 1, 1, 1], [1, 1, 1, 1, 1, 1, 1, 1, 1, 1, 1, 1, 1, 1, 1, 1, 1, 1, 1, 1, 2, 2, 2, 2, 2, 1, 1, 1, 1], [1, 1, 1, 1, 1, 1, 1, 1, 1, 1, 1, 1, 1, 1, 1, 1, 1, 1, 1, 1, 2, 2, 7, 2, 2, 1, 1, 1, 1], [1, 1, 1, 1, 1, 1, 1, 1, 1, 1, 1, 1, 1, 1, 1, 1, 1, 1, 1, 1, 2, 2, 2, 2, 2, 1, 1, 1, 1], [1, 1, 1, 1, 1, 1, 1, 1, 1, 1, 1, 1, 1, 1, 1, 1, 1, 1, 1, 1, 2, 2, 2, 2, 2, 1, 1, 1, 1], [1, 1, 1, 1, 1, 1, 1, 1, 1, 1, 1, 1, 1, 1, 1, 1, 1, 1, 1, 1, 1, 1, 1, 1, 1, 1, 1, 1, 1], [1, 4, 1, 8, 1, 9, 1, 4, 1, 7, 1, 6, 1, 9, 1, 4, 1, 5, 1, 3, 1, 7, 1, 1, 1, 1, 1, 1, 1], [1, 1, 1, 1, 1, 1, 1, 1, 1, 1, 1, 1, 1, 1, 1, 1, 1, 1, 1, 1, 1, 1, 1, 1, 1, 1, 1, 1, 1] ], [ [1, 1, 1, 1, 1, 1, 1, 1, 1, 1, 1, 1, 1, 1, 1, 1, 1, 1, 1, 1, 1, 1, 1, 1, 1, 1, 1, 1, 1, 1], [1, 8, 8, 8, 8, 8, 8, 1, 1, 1, 8, 8, 8, 8, 8, 8, 1, 1, 1, 1, 8, 8, 8, 8, 8, 8, 1, 1, 1, 1], [1, 8, 8, 8, 8, 8, 8, 1, 1, 1, 8, 8, 8, 8, 8, 8, 1, 1, 1, 1, 8, 8, 8, 8, 8, 8, 1, 1, 1, 1], [1, 8, 8, 2, 2, 8, 8, 2, 2, 2, 8, 8, 4, 4, 8, 8, 4, 4, 4, 4, 8, 8, 3, 3, 8, 8, 1, 1, 1, 1], [1, 8, 8, 2, 2, 8, 8, 2, 2, 2, 8, 8, 4, 4, 8, 8, 4, 4, 4, 4, 8, 8, 3, 3, 8, 8, 1, 1, 1, 1], [1, 8, 8, 8, 8, 8, 8, 1, 1, 1, 8, 8, 8, 8, 8, 8, 1, 1, 1, 1, 8, 8, 8, 8, 8, 8, 1, 1, 1, 1], [1, 8, 8, 8, 8, 8, 8, 1, 1, 1, 8, 8, 8, 8, 8, 8, 1, 1, 1, 1, 8, 8, 8, 8, 8, 8, 1, 1, 1, 1], [1, 1, 1, 1, 1, 1, 1, 1, 1, 1, 1, 1, 1, 1, 1, 1, 1, 1, 1, 1, 1, 1, 3, 3, 1, 1, 1, 1, 1, 1], [1, 1, 1, 1, 1, 1, 1, 1, 1, 1, 1, 1, 1, 1, 1, 1, 1, 1, 1, 1, 1, 1, 3, 3, 1, 1, 1, 1, 1, 1], [1, 8, 8, 8, 8, 8, 8, 1, 1, 1, 8, 8, 8, 8, 8, 8, 1, 1, 1, 1, 8, 8, 8, 8, 8, 8, 1, 1, 1, 1], [1, 8, 8, 8, 8, 8, 8, 1, 1, 1, 8, 8, 8, 8, 8, 8, 1, 1, 1, 1, 8, 8, 8, 8, 8, 8, 1, 1, 1, 1], [1, 8, 8, 3, 3, 8, 8, 6, 6, 6, 8, 8, 6, 6, 8, 8, 1, 1, 1, 1, 8, 8, 9, 9, 8, 8, 1, 1, 1, 1], [1, 8, 8, 3, 3, 8, 8, 6, 6, 6, 8, 8, 6, 6, 8, 8, 1, 1, 1, 1, 8, 8, 9, 9, 8, 8, 1, 1, 1, 1], [1, 8, 8, 8, 8, 8, 8, 1, 1, 1, 8, 8, 8, 8, 8, 8, 1, 1, 1, 1, 8, 8, 8, 8, 8, 8, 1, 1, 1, 1], [1, 8, 8, 8, 8, 8, 8, 1, 1, 1, 8, 8, 8, 8, 8, 8, 1, 1, 1, 1, 8, 8, 8, 8, 8, 8, 1, 1, 1, 1], [1, 1, 1, 3, 3, 1, 1, 1, 1, 1, 1, 1, 4, 4, 1, 1, 1, 1, 1, 1, 1, 1, 9, 9, 1, 1, 1, 1, 1, 1], [1, 8, 8, 8, 8, 8, 8, 1, 1, 1, 8, 8, 8, 8, 8, 8, 1, 1, 1, 1, 8, 8, 8, 8, 8, 8, 1, 1, 1, 1], [1, 8, 8, 8, 8, 8, 8, 1, 1, 1, 8, 8, 8, 8, 8, 8, 1, 1, 1, 1, 8, 8, 8, 8, 8, 8, 1, 1, 1, 1], [1, 8, 8, 9, 9, 8, 8, 1, 1, 1, 8, 8, 4, 4, 8, 8, 5, 5, 5, 5, 8, 8, 5, 5, 8, 8, 1, 1, 1, 1], [1, 8, 8, 9, 9, 8, 8, 1, 1, 1, 8, 8, 4, 4, 8, 8, 5, 5, 5, 5, 8, 8, 5, 5, 8, 8, 1, 1, 1, 1], [1, 8, 8, 8, 8, 8, 8, 1, 1, 1, 8, 8, 8, 8, 8, 8, 1, 1, 1, 1, 8, 8, 8, 8, 8, 8, 1, 1, 1, 1], [1, 8, 8, 8, 8, 8, 8, 1, 1, 1, 8, 8, 8, 8, 8, 8, 1, 1, 1, 1, 8, 8, 8, 8, 8, 8, 1, 1, 1, 1], [1, 1, 1, 1, 1, 1, 1, 1, 1, 1, 1, 1, 1, 1, 1, 1, 1, 1, 1, 1, 1, 1, 1, 1, 1, 1, 1, 1, 1, 1], [1, 1, 1, 1, 1, 1, 1, 1, 1, 1, 1, 1, 1, 1, 1, 1, 1, 1, 1, 1, 1, 1, 1, 1, 1, 1, 1, 1, 1, 1], [1, 1, 1, 1, 1, 1, 1, 1, 1, 1, 1, 1, 1, 1, 1, 1, 1, 1, 1, 1, 1, 1, 1, 1, 1, 1, 1, 1, 1, 1], [1, 1, 1, 1, 1, 1, 1, 1, 1, 1, 1, 1, 1, 1, 1, 1, 1, 1, 1, 1, 1, 1, 1, 1, 1, 1, 1, 1, 1, 1], [1, 1, 1, 1, 1, 1, 1, 1, 1, 1, 1, 1, 1, 1, 1, 1, 1, 1, 1, 1, 1, 1, 1, 1, 1, 1, 1, 1, 1, 1], [1, 1, 1, 1, 1, 1, 1, 1, 1, 1, 1, 1, 1, 1, 1, 1, 1, 1, 1, 1, 1, 1, 1, 1, 1, 1, 1, 1, 1, 1], [1, 2, 1, 4, 1, 3, 1, 9, 1, 5, 1, 4, 1, 6, 1, 3, 1, 9, 1, 1, 1, 1, 1, 1, 1, 1, 1, 1, 1, 1], [1, 1, 1, 1, 1, 1, 1, 1, 1, 1, 1, 1, 1, 1, 1, 1, 1, 1, 1, 1, 1, 1, 1, 1, 1, 1, 1, 1, 1, 1] ] ] }"
,Question 22,0,Question Time 22,,Question Cost 22,,Question Tokens 22,,Cell Accuracy 22,,Output 22,
,Question 23,0,Question Time 23,,Question Cost 23,,Question Tokens 23,,Cell Accuracy 23,,Output 23,
,Question 24,1,Question Time 24,133,Question Cost 24,,Question Tokens 24,20365,Cell Accuracy 24,100%,Output 24,"{""outputs"": [ [[0, 0, 0, 0, 0, 0, 0, 0, 0, 5, 5, 5, 5, 5, 5, 5, 5, 5, 5, 5], [0, 0, 0, 0, 0, 0, 0, 0, 0, 5, 0, 5, 0, 6, 0, 3, 0, 8, 0, 5], [0, 0, 0, 0, 0, 0, 0, 0, 0, 5, 0, 9, 0, 5, 0, 5, 0, 8, 0, 5], [0, 0, 0, 0, 0, 0, 0, 0, 0, 5, 0, 5, 0, 5, 0, 5, 0, 8, 0, 5], [0, 0, 0, 0, 0, 0, 0, 0, 0, 0, 0, 5, 0, 5, 0, 5, 0, 5, 0, 5], [0, 0, 0, 0, 0, 0, 0, 0, 0, 0, 0, 5, 5, 5, 5, 5, 5, 5, 0, 5], [0, 0, 0, 0, 0, 0, 0, 0, 0, 5, 0, 0, 0, 0, 0, 0, 0, 0, 0, 5], [0, 0, 0, 0, 0, 0, 0, 0, 0, 5, 5, 5, 5, 5, 5, 5, 5, 5, 5, 5]], [[0, 0, 0, 0, 0, 0, 0, 0, 0, 5, 5, 5, 5, 5, 5, 5, 5, 5, 5, 5], [0, 0, 0, 0, 0, 0, 0, 0, 0, 5, 0, 3, 0, 2, 0, 4, 0, 5, 0, 5], [0, 0, 0, 0, 0, 0, 0, 0, 0, 5, 0, 3, 0, 2, 0, 4, 0, 7, 0, 5], [0, 0, 0, 0, 0, 0, 0, 0, 0, 5, 0, 3, 0, 2, 0, 4, 0, 7, 0, 5], [0, 0, 0, 0, 0, 0, 0, 0, 0, 0, 0, 5, 0, 5, 0, 5, 0, 5, 0, 5], [0, 0, 0, 0, 0, 0, 0, 0, 0, 0, 0, 5, 5, 5, 5, 5, 5, 5, 0, 5], [0, 0, 0, 0, 0, 0, 0, 0, 0, 5, 0, 0, 0, 0, 0, 0, 0, 0, 0, 5], [0, 0, 0, 0, 0, 0, 0, 0, 0, 5, 5, 5, 5, 5, 5, 5, 5, 5, 5, 5]] ]}"
,Question 25,1,Question Time 25,411,Question Cost 25,$0.74,Question Tokens 25,"90,327",Cell Accuracy 25,100.00%,Output 25,"{ ""output"": [ [3, 3, 3, 3, 3, 3, 3, 3, 3, 3, 3, 3, 3, 3, 3, 3, 3, 3, 3, 3, 3, 3], [3, 3, 4, 3, 3, 3, 3, 3, 3, 3, 3, 3, 3, 3, 3, 3, 3, 3, 3, 3, 3, 3], [3, 4, 4, 0, 0, 0, 0, 0, 3, 3, 3, 3, 3, 3, 3, 3, 3, 3, 3, 3, 3, 3], [3, 3, 0, 4, 4, 3, 3, 0, 3, 3, 3, 3, 3, 3, 3, 3, 3, 3, 3, 3, 3, 3], [3, 3, 0, 4, 3, 3, 3, 0, 3, 3, 3, 3, 3, 2, 3, 3, 3, 3, 3, 3, 6, 3], [3, 3, 0, 3, 3, 3, 1, 0, 3, 3, 3, 3, 2, 2, 0, 0, 0, 0, 0, 0, 6, 6], [3, 3, 0, 3, 3, 1, 1, 0, 3, 3, 3, 3, 3, 0, 2, 2, 3, 3, 6, 6, 0, 3], [3, 3, 0, 0, 0, 0, 0, 1, 1, 3, 3, 3, 3, 0, 2, 3, 3, 3, 3, 6, 0, 3], [3, 3, 3, 3, 3, 3, 3, 1, 3, 3, 3, 3, 3, 0, 3, 3, 3, 3, 3, 3, 0, 3], [3, 3, 3, 3, 3, 3, 3, 3, 3, 3, 3, 3, 3, 0, 3, 3, 3, 3, 3, 3, 0, 3], [3, 3, 3, 3, 3, 3, 3, 3, 3, 3, 3, 3, 3, 0, 3, 3, 3, 3, 3, 8, 0, 3], [3, 3, 3, 3, 3, 3, 3, 3, 3, 3, 3, 3, 3, 0, 3, 3, 3, 3, 8, 8, 0, 3], [3, 3, 3, 3, 3, 3, 3, 3, 3, 3, 3, 3, 3, 0, 0, 0, 0, 0, 0, 0, 8, 8], [3, 3, 3, 3, 3, 3, 5, 3, 3, 3, 3, 3, 3, 3, 3, 3, 3, 3, 3, 3, 8, 3], [0, 0, 0, 0, 0, 0, 5, 5, 3, 3, 3, 3, 3, 3, 3, 3, 3, 3, 3, 3, 3, 3], [3, 3, 3, 3, 5, 5, 0, 3, 3, 3, 3, 3, 3, 3, 3, 3, 3, 3, 3, 3, 3, 3], [3, 3, 3, 3, 3, 5, 0, 3, 3, 3, 3, 3, 3, 3, 3, 3, 3, 3, 3, 3, 3, 3], [3, 3, 3, 3, 3, 3, 0, 3, 3, 3, 3, 3, 3, 3, 3, 3, 3, 3, 3, 3, 3, 3], [3, 3, 3, 3, 3, 3, 0, 3, 3, 3, 3, 3, 3, 3, 3, 3, 3, 3, 3, 3, 3, 3] ] }"
,Question 26,0,Question Time 26,304,Question Cost 26,$0.53,Question Tokens 26,67774,Cell Accuracy 26,52.50%,Output 26,"{ ""outputs"": [ [ [2, 4, 2, 4, 2], [4, 2, 0, 2, 4], [2, 0, 0, 0, 2], [4, 2, 0, 2, 4], [2, 4, 2, 4, 2] ], [ [0, 0, 0, 0, 0, 0], [0, 0, 0, 0, 0, 0], [0, 0, 0, 0, 0, 0], [0, 0, 0, 0, 0, 0], [0, 0, 0, 0, 6, 8], [0, 0, 0, 0, 8, 0] ] ] }"
,Question 27,1,Question Time 27,280,Question Cost 27,$0.42,Question Tokens 27,49624,Cell Accuracy 27,100%,Output 27,"{""output"": [[8, 8, 8, 4, 4, 8, 8, 8], [8, 8, 8, 4, 4, 8, 8, 8], [8, 8, 3, 3, 3, 3, 8, 8], [8, 8, 6, 6, 3, 3, 8, 8], [8, 6, 6, 6, 6, 6, 6, 8], [8, 6, 6, 6, 6, 6, 6, 8], [8, 8, 8, 9, 9, 8, 8, 8], [8, 8, 8, 9, 9, 8, 8, 8], [8, 8, 8, 4, 4, 8, 8, 8], [8, 8, 8, 4, 4, 8, 8, 8], [3, 3, 3, 3, 3, 7, 3, 3], [3, 3, 3, 3, 3, 3, 7, 7], [8, 8, 8, 5, 5, 8, 8, 8], [8, 8, 8, 5, 5, 8, 8, 8], [8, 8, 7, 9, 7, 7, 8, 8], [8, 8, 7, 7, 9, 7, 8, 8], [8, 8, 9, 9, 9, 9, 8, 8], [8, 8, 9, 9, 9, 9, 8, 8]]}"