2,,Correct?,,Seconds,,Dollars,,Tokens,,Cell Accuracy,,
Score:,Question 1,1,Question Time 1,335,Question Cost 1,$0.35,Question Tokens 1,29715,Cell Accuracy 1,100%,Output 1,
76.00%,Question 2,1,Question Time 2,,Question Cost 2,,Question Tokens 2,,Cell Accuracy 2,100%,Output 2,
Total Time (seconds):,Question 3,1,Question Time 3,148,Question Cost 3,$0.24,Question Tokens 3,24794,Cell Accuracy 3,100%,Output 3,"{""output"": [[8, 8, 8, 8, 8, 8, 8, 8, 8, 8, 8, 8, 8, 8, 8, 8, 8, 8, 8, 8, 8, 8, 8, 8, 8, 8, 8, 8, 8], [8, 3, 3, 3, 3, 3, 3, 8, 3, 3, 3, 3, 3, 3, 8, 3, 3, 3, 3, 3, 3, 8, 3, 3, 3, 3, 3, 3, 8], [8, 3, 8, 8, 8, 8, 3, 8, 3, 1, 8, 8, 8, 3, 8, 3, 4, 8, 8, 8, 3, 8, 3, 8, 8, 8, 8, 3, 8], [8, 3, 8, 2, 2, 8, 3, 8, 3, 8, 1, 8, 8, 3, 8, 3, 4, 4, 4, 4, 3, 8, 3, 8, 9, 8, 8, 3, 8], [8, 3, 8, 2, 2, 8, 3, 8, 3, 8, 8, 1, 8, 3, 8, 3, 8, 8, 8, 4, 3, 8, 3, 8, 9, 9, 8, 3, 8], [8, 3, 8, 8, 8, 8, 3, 8, 3, 8, 8, 8, 1, 3, 8, 3, 4, 4, 4, 4, 3, 8, 3, 8, 9, 8, 8, 3, 8], [8, 3, 8, 2, 2, 8, 3, 8, 3, 8, 8, 1, 8, 3, 8, 3, 4, 8, 8, 8, 3, 8, 3, 8, 8, 8, 8, 3, 8], [8, 3, 8, 2, 2, 8, 3, 8, 3, 8, 1, 8, 8, 3, 8, 3, 4, 4, 4, 4, 3, 8, 3, 8, 9, 8, 8, 3, 8], [8, 3, 8, 8, 8, 8, 3, 8, 3, 1, 8, 8, 8, 3, 8, 3, 8, 8, 8, 4, 3, 8, 3, 8, 9, 9, 8, 3, 8], [8, 3, 8, 2, 2, 8, 3, 8, 3, 8, 1, 8, 8, 3, 8, 3, 4, 4, 4, 4, 3, 8, 3, 8, 9, 8, 8, 3, 8], [8, 3, 8, 2, 2, 8, 3, 8, 3, 8, 8, 1, 8, 3, 8, 3, 4, 8, 8, 8, 3, 8, 3, 8, 8, 8, 8, 3, 8], [8, 3, 8, 8, 8, 8, 3, 8, 3, 8, 8, 8, 1, 3, 8, 3, 4, 4, 4, 4, 3, 8, 3, 8, 9, 8, 8, 3, 8], [8, 3, 8, 2, 2, 8, 3, 8, 3, 8, 8, 1, 8, 3, 8, 3, 8, 8, 8, 4, 3, 8, 3, 8, 9, 9, 8, 3, 8], [8, 3, 8, 2, 2, 8, 3, 8, 3, 8, 1, 8, 8, 3, 8, 3, 4, 4, 4, 4, 3, 8, 3, 8, 9, 8, 8, 3, 8], [8, 3, 8, 8, 8, 8, 3, 8, 3, 1, 8, 8, 8, 3, 8, 3, 4, 8, 8, 8, 3, 8, 3, 8, 8, 8, 8, 3, 8], [8, 3, 8, 2, 2, 8, 3, 8, 3, 8, 1, 8, 8, 3, 8, 3, 4, 4, 4, 4, 3, 8, 3, 8, 9, 8, 8, 3, 8], [8, 3, 8, 2, 2, 8, 3, 8, 3, 8, 8, 1, 8, 3, 8, 3, 8, 8, 8, 4, 3, 8, 3, 8, 9, 9, 8, 3, 8], [8, 3, 8, 8, 8, 8, 3, 8, 3, 8, 8, 8, 1, 3, 8, 3, 4, 4, 4, 4, 3, 8, 3, 8, 9, 8, 8, 3, 8], [8, 3, 8, 2, 2, 8, 3, 8, 3, 8, 8, 1, 8, 3, 8, 3, 4, 8, 8, 8, 3, 8, 3, 8, 8, 8, 8, 3, 8], [8, 3, 8, 2, 2, 8, 3, 8, 3, 8, 1, 8, 8, 3, 8, 3, 4, 4, 4, 4, 3, 8, 3, 8, 9, 8, 8, 3, 8], [8, 3, 8, 8, 8, 8, 3, 8, 3, 1, 8, 8, 8, 3, 8, 3, 8, 8, 8, 4, 3, 8, 3, 8, 9, 9, 8, 3, 8], [8, 3, 8, 2, 2, 8, 3, 8, 3, 8, 1, 8, 8, 3, 8, 3, 4, 4, 4, 4, 3, 8, 3, 8, 9, 8, 8, 3, 8], [8, 3, 8, 2, 2, 8, 3, 8, 3, 8, 8, 1, 8, 3, 8, 3, 4, 8, 8, 8, 3, 8, 3, 8, 8, 8, 8, 3, 8], [8, 3, 8, 8, 8, 8, 3, 8, 3, 8, 8, 8, 1, 3, 8, 3, 4, 4, 4, 4, 3, 8, 3, 8, 9, 8, 8, 3, 8], [8, 3, 8, 2, 2, 8, 3, 8, 3, 8, 8, 1, 8, 3, 8, 3, 8, 8, 8, 4, 3, 8, 3, 8, 9, 9, 8, 3, 8], [8, 3, 8, 2, 2, 8, 3, 8, 3, 8, 1, 8, 8, 3, 8, 3, 4, 4, 4, 4, 3, 8, 3, 8, 9, 8, 8, 3, 8], [8, 3, 8, 8, 8, 8, 3, 8, 3, 1, 8, 8, 8, 3, 8, 3, 4, 8, 8, 8, 3, 8, 3, 8, 8, 8, 8, 3, 8], [8, 3, 3, 3, 3, 3, 3, 8, 3, 3, 3, 3, 3, 3, 8, 3, 3, 3, 3, 3, 3, 8, 3, 3, 3, 3, 3, 3, 8], [8, 8, 8, 8, 8, 8, 8, 8, 8, 8, 8, 8, 8, 8, 8, 8, 8, 8, 8, 8, 8, 8, 8, 8, 8, 8, 8, 8, 8]]}"
10789,Question 4,1,Question Time 4,320,Question Cost 4,$0.52,Question Tokens 4,47947,Cell Accuracy 4,100%,Output 4,"{""outputs"": [[[3, 3, 3, 3, 3, 3, 3, 3, 3, 3, 3, 3, 3, 3, 3, 3, 3, 3, 3, 3], [3, 1, 1, 1, 0, 0, 0, 0, 3, 3, 3, 3, 3, 3, 1, 1, 1, 1, 1, 3], [3, 1, 1, 1, 0, 0, 0, 0, 1, 1, 1, 1, 1, 1, 1, 1, 1, 1, 1, 3], [3, 1, 1, 1, 0, 0, 0, 0, 1, 1, 1, 1, 1, 1, 1, 1, 1, 1, 1, 3], [3, 1, 1, 1, 0, 0, 0, 0, 1, 1, 1, 1, 1, 1, 1, 1, 1, 1, 1, 3], [3, 1, 1, 1, 1, 3, 3, 3, 3, 3, 3, 3, 3, 3, 1, 1, 1, 1, 1, 3], [3, 1, 1, 1, 1, 1, 1, 1, 1, 1, 1, 1, 1, 3, 3, 1, 1, 1, 1, 3], [3, 1, 1, 1, 1, 1, 1, 1, 1, 1, 1, 1, 1, 3, 3, 3, 1, 1, 1, 3], [3, 1, 1, 1, 1, 1, 1, 1, 1, 1, 1, 1, 1, 3, 3, 3, 3, 1, 1, 3], [3, 1, 1, 1, 1, 1, 1, 1, 1, 1, 1, 1, 1, 3, 3, 3, 3, 1, 1, 3], [3, 3, 3, 3, 3, 3, 3, 3, 3, 1, 1, 1, 1, 3, 3, 3, 1, 1, 1, 3], [3, 1, 1, 1, 1, 1, 1, 1, 3, 1, 1, 1, 1, 3, 3, 1, 1, 1, 1, 3], [3, 1, 1, 1, 1, 1, 1, 1, 3, 1, 1, 1, 1, 3, 3, 1, 1, 1, 1, 3], [3, 1, 1, 1, 1, 1, 1, 1, 3, 1, 1, 1, 1, 1, 3, 1, 1, 1, 1, 3], [3, 1, 1, 1, 1, 1, 1, 1, 3, 1, 1, 1, 1, 1, 3, 1, 2, 2, 2, 2], [3, 3, 3, 3, 1, 1, 1, 1, 1, 1, 1, 1, 1, 1, 3, 1, 2, 2, 2, 2], [3, 3, 3, 3, 1, 1, 1, 1, 1, 1, 1, 1, 1, 3, 3, 1, 2, 2, 2, 2], [3, 3, 3, 1, 1, 1, 1, 1, 1, 1, 1, 1, 1, 3, 3, 1, 2, 2, 2, 2], [3, 3, 3, 1, 1, 1, 1, 1, 1, 1, 1, 1, 1, 1, 3, 3, 3, 3, 3, 3], [3, 3, 3, 3, 3, 3, 3, 3, 3, 3, 3, 3, 3, 3, 3, 3, 3, 3, 3, 3]]]}"
Total Cost (dollars):,Question 5,1,Question Time 5,433,Question Cost 5,$0.92,Question Tokens 5,88189,Cell Accuracy 5,100%,Output 5,"{""output"": [[7, 7, 9], [7, 2, 9], [7, 2, 9], [7, 7, 9], [4, 4, 7], [4, 4, 7], [6, 6, 1], [6, 6, 6], [1, 6, 1]]}"
14.69073,Question 6,1,Question Time 6,220,Question Cost 6,$0.36,Question Tokens 6,33905,Cell Accuracy 6,100%,Output 6,"{""outputs"":[[[0,5,5,5,5,4,5,0,0,0,5,0,0,0,5,0,0,0,5,0],[0,0,0,1,1,4,1,0,1,0,1,0,1,0,1,0,1,0,1,0],[0,0,0,0,2,4,2,2,2,2,2,2,2,2,2,2,2,2,2,2],[0,0,0,0,0,4,0,0,0,0,0,0,0,0,0,0,0,0,0,0],[0,0,0,0,0,4,0,0,0,0,0,0,0,0,0,0,0,0,0,0],[0,0,7,6,6,4,6,7,6,7,6,7,6,7,6,7,6,7,6,7],[0,0,0,0,0,4,0,0,0,0,0,0,0,0,0,0,0,0,0,0],[6,6,8,8,8,4,8,0,6,8,6,0,8,0,6,8,6,0,8,0],[0,0,0,0,0,4,0,0,0,0,0,0,0,0,0,0,0,0,0,0],[0,0,0,0,0,0,0,0,0,0,0,0,0,0,0,0,0,0,0,0]],[[0,0,0,0,0,0,0,0,0,0,0,0,3,0,0],[0,0,0,0,0,0,0,0,0,0,0,2,3,2,2],[0,0,0,0,0,0,0,0,0,0,0,0,3,0,0],[0,0,0,0,0,0,0,0,0,0,4,4,3,4,0],[0,0,0,0,0,0,0,0,0,0,0,0,3,0,0],[0,0,0,0,0,0,0,0,6,6,6,6,3,6,0],[0,0,0,0,0,0,0,0,0,0,0,0,3,0,0],[0,0,0,0,0,0,0,0,0,0,9,7,3,7,7]],[[0,0,0,0,0,0,0,0,0,0,0,0,3,0,0],[4,4,4,4,4,4,4,4,4,4,4,4,3,4,0],[0,0,0,0,0,0,0,0,0,0,0,0,3,0,0],[0,7,0,7,0,7,0,7,0,7,0,7,3,7,7],[0,0,0,0,0,0,0,0,0,0,0,0,3,0,0],[6,6,6,6,6,6,6,6,6,6,6,6,3,6,0],[0,0,0,0,0,0,0,0,0,0,0,0,3,0,0],[0,5,0,5,0,5,0,5,0,5,0,5,3,5,5]]]}"
Model:,Question 7,1,Question Time 7,186,Question Cost 7,$0.31,Question Tokens 7,27634,Cell Accuracy 7,100%,Output 7,"{""outputs"": [[[4, 4, 4, 4, 4, 4, 4, 4, 4, 4], [4, 1, 4, 1, 4, 4, 4, 4, 4, 1], [4, 1, 4, 1, 4, 4, 4, 4, 4, 1], [4, 1, 4, 1, 4, 4, 4, 4, 4, 1], [1, 1, 1, 1, 1, 4, 4, 4, 1, 1]], [[4, 4, 4, 1, 1, 1, 1, 1], [4, 1, 1, 4, 1, 1, 1, 1], [4, 1, 1, 1, 4, 1, 1, 1], [4, 4, 4, 4, 4, 1, 1, 1], [1, 1, 1, 4, 4, 4, 4, 4], [1, 1, 1, 4, 1, 1, 1, 4], [1, 1, 1, 1, 4, 1, 1, 4], [1, 1, 1, 1, 1, 4, 4, 4]]]}"
gemini 3.1 pro preview,Question 8,0,Question Time 8,1080,Question Cost 8,$0.86,Question Tokens 8,"83,131",Cell Accuracy 8,23.60%,Output 8,"{""outputs"": [[[0, 6, 6, 6, 6, 0, 6, 6, 6, 6, 0, 6, 6, 6, 6, 0, 6, 6, 6, 6, 0], [6, 6, 0, 0, 6, 6, 6, 0, 0, 6, 6, 6, 0, 0, 6, 6, 6, 0, 0, 6, 6]],[[1]]]}"
Date:,Question 9,0,Question Time 9,589,Question Cost 9,$1.00,Question Tokens 9,"90,044",Cell Accuracy 9,61.00%,Output 9,"{""outputs"": [[[3, 3, 3, 3, 3, 3, 3, 3, 3, 3, 3, 3, 3, 3, 3, 3, 3, 3, 3, 3, 3, 3, 3, 3, 3, 3, 3, 3, 3, 3], [3, 3, 3, 3, 3, 3, 3, 3, 3, 3, 3, 3, 3, 3, 3, 3, 3, 3, 3, 3, 3, 3, 3, 3, 3, 9, 9, 3, 3, 3], [3, 3, 3, 3, 3, 3, 3, 3, 3, 3, 3, 8, 8, 8, 8, 8, 8, 8, 8, 8, 8, 3, 3, 3, 9, 9, 9, 9, 3, 3], [3, 3, 3, 3, 8, 8, 8, 8, 8, 8, 8, 8, 8, 8, 8, 8, 8, 8, 8, 8, 8, 3, 3, 3, 9, 9, 9, 9, 3, 3], [3, 3, 3, 8, 8, 8, 8, 8, 8, 8, 8, 8, 8, 8, 8, 8, 8, 8, 8, 8, 8, 8, 3, 3, 9, 9, 9, 9, 3, 3], [3, 3, 8, 8, 8, 8, 8, 8, 8, 8, 8, 8, 8, 8, 8, 8, 8, 8, 8, 8, 8, 8, 3, 3, 3, 3, 3, 3, 3, 3], [3, 3, 8, 8, 8, 8, 8, 8, 8, 8, 8, 8, 8, 8, 8, 8, 8, 8, 8, 8, 8, 8, 3, 3, 3, 3, 3, 3, 3, 8], [3, 8, 8, 8, 8, 2, 2, 2, 2, 2, 2, 2, 2, 2, 2, 2, 8, 8, 8, 8, 8, 8, 3, 3, 3, 3, 3, 3, 8, 8], [3, 8, 8, 8, 2, 2, 2, 2, 2, 2, 2, 2, 2, 2, 2, 2, 2, 2, 2, 2, 2, 2, 3, 3, 3, 3, 3, 8, 8, 8], [3, 8, 8, 2, 2, 2, 2, 2, 2, 2, 2, 2, 2, 6, 6, 6, 6, 2, 2, 2, 2, 2, 3, 3, 3, 3, 3, 8, 8, 8], [3, 8, 8, 2, 2, 2, 2, 2, 2, 2, 6, 6, 6, 6, 6, 6, 6, 6, 6, 6, 2, 2, 3, 3, 3, 3, 8, 8, 8, 8], [3, 8, 8, 2, 2, 2, 2, 2, 2, 6, 6, 6, 6, 6, 6, 6, 6, 6, 6, 6, 6, 2, 3, 3, 3, 3, 8, 8, 8, 8], [3, 8, 8, 2, 2, 2, 2, 2, 6, 6, 6, 6, 6, 6, 6, 6, 6, 6, 6, 6, 6, 6, 3, 3, 3, 3, 8, 8, 8, 8], [3, 8, 8, 2, 2, 2, 2, 2, 6, 6, 6, 6, 6, 6, 6, 6, 6, 6, 6, 6, 6, 6, 6, 3, 3, 8, 8, 8, 8, 8], [0, 0, 0, 2, 2, 2, 2, 2, 6, 6, 6, 6, 6, 6, 6, 6, 6, 6, 6, 6, 6, 6, 6, 3, 3, 8, 8, 8, 8, 8], [0, 0, 0, 2, 2, 2, 2, 2, 6, 6, 6, 6, 6, 6, 6, 6, 6, 6, 6, 6, 6, 6, 6, 3, 3, 8, 8, 8, 8, 8], [0, 0, 0, 0, 2, 2, 2, 2, 2, 2, 2, 2, 2, 2, 2, 6, 6, 6, 6, 6, 6, 6, 6, 3, 3, 8, 8, 8, 8, 8], [0, 0, 0, 0, 2, 2, 2, 2, 2, 2, 2, 2, 2, 2, 2, 6, 6, 6, 6, 6, 6, 6, 6, 6, 3, 8, 8, 8, 8, 8], [0, 0, 0, 0, 0, 0, 2, 2, 2, 2, 2, 2, 2, 2, 6, 6, 6, 6, 6, 6, 6, 6, 6, 6, 3, 8, 8, 8, 8, 8], [0, 0, 0, 0, 0, 0, 0, 0, 0, 0, 0, 0, 2, 2, 6, 6, 6, 6, 6, 6, 6, 6, 6, 6, 3, 8, 8, 8, 8, 8], [0, 0, 0, 0, 0, 0, 0, 0, 0, 0, 0, 0, 0, 0, 6, 6, 6, 6, 6, 6, 6, 6, 6, 6, 3, 3, 8, 8, 8, 8], [0, 0, 0, 0, 0, 0, 0, 0, 0, 0, 0, 0, 0, 0, 6, 6, 6, 6, 6, 6, 6, 6, 6, 3, 3, 3, 8, 8, 8, 8], [0, 0, 0, 0, 0, 0, 0, 0, 0, 0, 0, 0, 0, 0, 3, 6, 6, 6, 6, 6, 6, 6, 6, 3, 3, 3, 0, 0, 8, 8], [0, 0, 0, 0, 0, 0, 0, 0, 0, 0, 0, 0, 0, 0, 3, 6, 6, 6, 6, 6, 6, 6, 3, 3, 3, 0, 0, 0, 8, 8], [0, 0, 0, 0, 0, 0, 0, 0, 0, 0, 0, 0, 0, 3, 3, 3, 6, 6, 6, 6, 3, 3, 3, 3, 0, 0, 0, 0, 8, 8], [0, 0, 0, 0, 0, 0, 0, 0, 0, 0, 0, 3, 3, 3, 3, 3, 3, 3, 3, 3, 3, 3, 0, 0, 0, 0, 0, 0, 0, 0], [0, 0, 0, 0, 0, 3, 3, 3, 3, 3, 3, 3, 3, 3, 3, 3, 0, 0, 0, 0, 0, 0, 0, 0, 0, 0, 0, 0, 0, 0], [3, 3, 3, 3, 3, 3, 3, 3, 3, 3, 3, 3, 3, 3, 3, 0, 0, 0, 0, 0, 0, 0, 0, 0, 0, 0, 0, 0, 0, 0], [3, 3, 3, 3, 3, 3, 3, 3, 3, 3, 3, 3, 3, 3, 0, 0, 0, 0, 0, 0, 0, 0, 0, 0, 0, 0, 0, 0, 0, 0], [3, 3, 3, 3, 3, 3, 3, 3, 3, 3, 3, 3, 3, 3, 0, 0, 0, 0, 0, 0, 0, 0, 0, 0, 0, 0, 0, 0, 0, 0]],[[1]]]}"
5/5/2026,Question 10,1,Question Time 10,335,Question Cost 10,$0.61,Question Tokens 10,61416,Cell Accuracy 10,100%,Output 10,"{""outputs"": [[[8, 8, 8, 8, 8, 8, 8, 4, 4, 4, 4, 4, 4, 4, 4, 8, 8, 8, 8, 8, 8, 8, 8, 8, 8], [8, 8, 8, 8, 8, 8, 8, 8, 8, 8, 8, 8, 8, 8, 8, 8, 8, 8, 8, 8, 8, 8, 8, 8, 8], [8, 8, 8, 8, 8, 8, 8, 4, 4, 4, 4, 4, 4, 4, 4, 8, 8, 8, 8, 8, 8, 8, 8, 8, 8], [8, 8, 8, 8, 8, 8, 8, 8, 8, 8, 8, 8, 8, 8, 8, 8, 8, 8, 8, 8, 8, 8, 8, 8, 8], [8, 8, 8, 3, 3, 3, 3, 3, 3, 3, 3, 3, 3, 3, 3, 3, 3, 3, 3, 3, 8, 8, 8, 8, 8], [8, 8, 8, 8, 6, 6, 6, 8, 8, 8, 8, 8, 8, 8, 8, 6, 6, 6, 6, 6, 6, 6, 8, 8, 8], [8, 8, 8, 8, 8, 6, 6, 4, 4, 4, 4, 4, 4, 4, 4, 6, 6, 6, 6, 6, 6, 6, 8, 8, 8], [8, 8, 8, 8, 8, 8, 8, 8, 8, 8, 8, 8, 8, 8, 8, 6, 6, 8, 6, 6, 6, 8, 8, 8, 8], [8, 8, 8, 8, 8, 8, 8, 4, 4, 4, 4, 4, 4, 4, 4, 6, 6, 6, 8, 8, 8, 8, 8, 8, 8], [8, 8, 8, 8, 8, 6, 8, 8, 8, 8, 8, 8, 8, 8, 8, 6, 6, 6, 8, 8, 8, 8, 8, 8, 8], [8, 8, 8, 3, 3, 3, 3, 3, 3, 3, 3, 3, 3, 3, 3, 8, 8, 8, 8, 8, 8, 8, 8, 8, 8], [8, 8, 8, 8, 8, 6, 6, 8, 8, 8, 8, 8, 8, 8, 8, 8, 8, 8, 8, 8, 8, 8, 8, 8, 8], [8, 8, 8, 8, 8, 8, 8, 4, 4, 4, 4, 4, 4, 4, 4, 8, 8, 8, 8, 8, 8, 8, 8, 8, 8], [8, 8, 8, 8, 8, 8, 8, 8, 8, 8, 8, 8, 8, 8, 8, 6, 6, 6, 6, 6, 6, 6, 8, 8, 8], [8, 8, 8, 8, 8, 8, 8, 4, 4, 4, 4, 4, 4, 4, 4, 6, 6, 6, 6, 6, 6, 6, 6, 8, 8], [8, 8, 8, 8, 6, 6, 6, 8, 8, 8, 8, 8, 8, 8, 8, 8, 8, 8, 8, 8, 6, 6, 8, 8, 8], [8, 8, 8, 3, 3, 3, 3, 3, 3, 3, 3, 3, 3, 3, 3, 8, 8, 8, 3, 3, 3, 3, 8, 8, 8], [8, 8, 6, 6, 6, 6, 6, 8, 8, 8, 8, 8, 8, 8, 8, 8, 8, 6, 6, 6, 6, 6, 6, 6, 6], [8, 8, 8, 8, 6, 6, 6, 4, 4, 4, 4, 4, 4, 4, 4, 8, 8, 8, 6, 6, 6, 6, 6, 6, 6], [8, 8, 8, 8, 8, 8, 8, 8, 8, 8, 8, 8, 8, 8, 8, 8, 8, 8, 8, 6, 6, 6, 6, 6, 6], [8, 8, 8, 8, 8, 6, 6, 4, 4, 4, 4, 4, 4, 4, 4, 6, 6, 8, 8, 6, 6, 6, 6, 6, 8], [8, 8, 6, 6, 6, 6, 6, 8, 8, 8, 8, 8, 8, 8, 8, 8, 8, 8, 8, 8, 8, 8, 8, 8, 8], [8, 8, 8, 8, 8, 3, 3, 3, 3, 3, 3, 3, 3, 3, 3, 3, 3, 8, 8, 8, 8, 8, 8, 8, 8], [8, 8, 8, 8, 8, 6, 6, 8, 8, 8, 8, 8, 8, 8, 8, 6, 6, 8, 8, 8, 8, 8, 8, 8, 8], [8, 8, 8, 8, 8, 8, 8, 4, 4, 4, 4, 4, 4, 4, 4, 6, 6, 8, 8, 8, 8, 8, 8, 8, 8]], [[2, 2, 2, 2, 2, 2, 2, 2, 2, 2, 2, 2, 2, 2, 2, 2, 2, 2, 2, 2, 2, 2, 2, 2, 2, 2, 2, 2, 2, 2], [2, 2, 2, 2, 2, 2, 2, 2, 2, 1, 3, 2, 2, 2, 2, 2, 2, 2, 2, 2, 2, 2, 2, 2, 2, 2, 2, 1, 2, 2], [2, 2, 2, 2, 2, 2, 2, 2, 1, 1, 3, 1, 2, 2, 2, 2, 2, 2, 2, 2, 2, 2, 2, 2, 2, 2, 1, 1, 3, 2], [2, 2, 2, 2, 2, 2, 2, 1, 1, 1, 3, 1, 1, 1, 1, 2, 2, 2, 2, 2, 2, 2, 2, 2, 2, 1, 1, 1, 3, 2], [2, 2, 2, 2, 2, 2, 2, 1, 1, 1, 3, 1, 1, 1, 1, 2, 2, 2, 1, 1, 2, 2, 2, 2, 2, 1, 1, 1, 3, 2], [4, 2, 4, 2, 3, 2, 4, 2, 4, 2, 3, 2, 4, 2, 4, 2, 3, 2, 4, 2, 4, 2, 3, 2, 4, 2, 4, 2, 3, 2], [4, 2, 4, 2, 3, 2, 4, 2, 4, 2, 3, 2, 4, 2, 4, 2, 3, 2, 4, 2, 4, 2, 3, 2, 4, 2, 4, 2, 3, 2], [4, 2, 4, 2, 3, 2, 4, 2, 4, 2, 3, 2, 4, 2, 4, 2, 3, 2, 4, 2, 4, 2, 3, 2, 4, 2, 4, 2, 3, 2], [4, 2, 4, 2, 3, 2, 4, 2, 4, 2, 3, 2, 4, 2, 4, 2, 3, 2, 4, 2, 4, 2, 3, 2, 4, 2, 4, 2, 3, 2], [4, 2, 4, 2, 3, 2, 4, 2, 4, 2, 3, 2, 4, 2, 4, 2, 3, 2, 4, 2, 4, 2, 3, 2, 4, 2, 4, 2, 3, 2], [2, 2, 2, 1, 3, 1, 1, 2, 2, 2, 2, 2, 2, 2, 2, 2, 2, 2, 1, 1, 1, 2, 2, 2, 2, 2, 2, 2, 2, 2], [2, 2, 2, 1, 3, 1, 2, 2, 2, 2, 2, 2, 2, 2, 2, 2, 2, 2, 1, 1, 1, 2, 2, 2, 2, 2, 2, 2, 2, 2], [2, 2, 2, 1, 3, 1, 2, 2, 2, 2, 2, 2, 2, 2, 2, 2, 2, 2, 2, 1, 1, 2, 2, 2, 2, 2, 2, 2, 2, 2], [2, 2, 2, 1, 3, 2, 2, 2, 2, 1, 3, 1, 1, 2, 2, 2, 2, 2, 2, 2, 2, 2, 2, 2, 1, 1, 2, 2, 2, 2], [2, 1, 1, 1, 3, 2, 2, 2, 1, 1, 3, 1, 1, 1, 2, 2, 2, 2, 2, 2, 2, 2, 2, 1, 1, 1, 2, 2, 2, 2], [2, 2, 1, 1, 2, 2, 2, 2, 1, 1, 3, 1, 1, 1, 2, 2, 2, 1, 2, 2, 2, 2, 2, 1, 1, 1, 2, 2, 2, 2], [2, 2, 1, 1, 2, 2, 1, 1, 1, 1, 3, 1, 1, 1, 2, 2, 3, 1, 2, 2, 2, 2, 3, 1, 1, 1, 2, 2, 2, 2], [2, 2, 2, 2, 2, 1, 1, 2, 1, 1, 3, 1, 2, 2, 2, 2, 3, 1, 2, 2, 2, 1, 3, 1, 1, 1, 2, 2, 2, 2], [2, 2, 2, 2, 2, 2, 2, 2, 1, 1, 3, 1, 2, 2, 2, 2, 3, 1, 2, 2, 1, 1, 3, 1, 1, 1, 2, 2, 2, 2], [2, 2, 2, 2, 2, 2, 2, 2, 2, 1, 3, 1, 2, 2, 2, 2, 2, 2, 2, 2, 1, 1, 3, 1, 1, 1, 1, 2, 2, 2], [2, 2, 1, 1, 3, 2, 2, 2, 2, 2, 2, 2, 2, 2, 2, 2, 2, 2, 2, 2, 1, 1, 3, 1, 1, 1, 1, 2, 2, 2], [2, 2, 1, 1, 3, 2, 2, 2, 2, 2, 2, 2, 2, 2, 2, 2, 2, 2, 2, 2, 1, 1, 3, 1, 1, 1, 1, 2, 2, 2], [2, 2, 2, 1, 3, 1, 1, 2, 2, 2, 2, 2, 2, 2, 2, 2, 2, 2, 2, 2, 2, 2, 3, 1, 1, 1, 1, 2, 2, 2], [2, 2, 2, 1, 3, 1, 1, 1, 2, 2, 2, 2, 2, 1, 1, 1, 2, 2, 2, 2, 2, 2, 2, 1, 1, 1, 1, 2, 2, 2], [2, 2, 2, 1, 3, 1, 1, 2, 2, 2, 2, 1, 1, 1, 1, 1, 3, 2, 2, 2, 2, 2, 2, 1, 1, 1, 2, 2, 2, 2], [2, 2, 1, 1, 3, 1, 2, 2, 2, 1, 3, 1, 1, 1, 1, 1, 3, 2, 2, 2, 2, 2, 2, 2, 2, 1, 2, 2, 2, 2], [2, 2, 2, 1, 3, 1, 2, 2, 2, 1, 3, 1, 1, 1, 1, 1, 2, 2, 2, 2, 2, 2, 2, 2, 2, 1, 2, 2, 2, 2], [2, 2, 2, 1, 3, 1, 2, 2, 2, 2, 2, 2, 1, 1, 2, 2, 2, 2, 2, 2, 2, 2, 2, 2, 2, 2, 2, 2, 2, 2], [2, 2, 2, 2, 2, 2, 2, 2, 2, 2, 2, 2, 2, 2, 2, 2, 2, 2, 2, 2, 2, 2, 2, 2, 2, 2, 2, 2, 2, 2], [2, 2, 2, 2, 2, 2, 2, 2, 2, 2, 2, 2, 2, 2, 2, 2, 2, 2, 2, 2, 2, 2, 2, 2, 2, 2, 2, 2, 2, 2]]]}"
Code execution?:,Question 11,0,Question Time 11,650,Question Cost 11,$0.89,Question Tokens 11,80984,Cell Accuracy 11,57.00%,Output 11,"{""outputs"": [[[8, 7, 8, 7, 8, 7, 8, 7, 7, 7, 7, 7, 7, 8, 7, 8, 7, 8, 7, 8], [8, 8, 8, 8, 8, 8, 8, 8, 8, 8, 8, 8, 8, 8, 8, 8, 8, 8, 8, 8], [8, 7, 8, 7, 8, 7, 8, 7, 8, 7, 7, 8, 7, 8, 7, 8, 7, 8, 7, 8], [7, 8, 7, 8, 7, 8, 7, 8, 8, 7, 7, 8, 8, 7, 8, 7, 8, 7, 8, 7], [7, 8, 8, 8, 8, 8, 8, 7, 8, 7, 7, 8, 7, 8, 8, 8, 8, 8, 8, 7], [7, 7, 7, 7, 7, 7, 8, 7, 8, 7, 7, 8, 7, 8, 7, 7, 7, 7, 7, 7], [7, 7, 7, 7, 7, 7, 8, 7, 8, 7, 7, 8, 7, 8, 7, 7, 7, 7, 7, 7], [8, 7, 7, 7, 7, 7, 8, 7, 8, 7, 7, 8, 7, 8, 7, 7, 7, 7, 7, 8], [7, 8, 7, 7, 7, 7, 8, 7, 8, 7, 7, 8, 7, 8, 7, 7, 7, 7, 8, 7], [7, 7, 8, 8, 8, 8, 8, 8, 8, 8, 8, 8, 8, 8, 8, 8, 8, 8, 7, 7], [7, 7, 8, 8, 8, 8, 8, 8, 8, 8, 8, 8, 8, 8, 8, 8, 8, 8, 7, 7], [7, 8, 7, 7, 7, 7, 8, 7, 8, 7, 7, 8, 7, 8, 7, 7, 7, 7, 8, 7], [8, 7, 7, 7, 7, 7, 8, 7, 8, 7, 7, 8, 7, 8, 7, 7, 7, 7, 7, 8], [7, 7, 7, 7, 7, 7, 8, 7, 8, 7, 7, 8, 7, 8, 7, 7, 7, 7, 7, 7], [7, 7, 7, 7, 7, 7, 8, 7, 8, 7, 7, 8, 7, 8, 7, 7, 7, 7, 7, 7], [7, 8, 8, 8, 8, 8, 8, 7, 8, 7, 7, 8, 7, 8, 8, 8, 8, 8, 8, 7], [7, 8, 7, 8, 7, 8, 7, 8, 8, 7, 7, 8, 8, 7, 8, 7, 8, 7, 8, 7], [8, 7, 8, 7, 8, 7, 8, 7, 8, 7, 7, 8, 7, 8, 7, 8, 7, 8, 7, 8], [8, 8, 8, 8, 8, 8, 8, 8, 8, 8, 8, 8, 8, 8, 8, 8, 8, 8, 8, 8], [8, 7, 8, 7, 8, 7, 8, 7, 7, 7, 7, 7, 7, 8, 7, 8, 7, 8, 7, 8]], [[6, 6, 6, 6, 6, 5, 5, 5, 5, 5, 5, 5, 5, 5, 5, 6, 6, 6, 6, 6], [5, 5, 5, 5, 5, 5, 6, 6, 6, 6, 6, 6, 6, 6, 5, 5, 5, 5, 5, 5], [6, 6, 6, 5, 6, 6, 6, 6, 6, 6, 6, 6, 6, 6, 6, 6, 5, 6, 6, 6], [5, 5, 5, 5, 6, 6, 6, 6, 6, 6, 6, 6, 6, 6, 6, 6, 5, 5, 5, 5], [5, 5, 6, 6, 6, 6, 6, 6, 6, 6, 6, 6, 6, 6, 6, 6, 6, 6, 5, 5], [6, 5, 6, 6, 6, 6, 6, 6, 6, 6, 6, 6, 6, 6, 6, 6, 6, 6, 5, 6], [5, 5, 5, 5, 5, 6, 6, 6, 6, 6, 6, 6, 6, 6, 6, 5, 5, 5, 5, 5], [5, 6, 6, 5, 5, 5, 6, 6, 6, 6, 6, 6, 6, 6, 5, 5, 5, 6, 6, 5], [5, 6, 6, 6, 5, 5, 5, 6, 6, 6, 6, 6, 6, 5, 5, 5, 6, 6, 6, 5], [5, 6, 6, 6, 6, 5, 5, 5, 6, 6, 6, 6, 5, 5, 5, 6, 6, 6, 6, 5], [5, 6, 6, 6, 6, 6, 5, 5, 5, 6, 6, 5, 5, 5, 6, 6, 6, 6, 6, 5], [5, 6, 6, 6, 6, 6, 5, 5, 5, 6, 6, 5, 5, 5, 6, 6, 6, 6, 6, 5], [5, 6, 6, 6, 6, 5, 5, 5, 6, 6, 6, 6, 5, 5, 5, 6, 6, 6, 6, 5], [5, 6, 6, 6, 5, 5, 5, 6, 6, 6, 6, 6, 6, 5, 5, 5, 6, 6, 6, 5], [5, 6, 6, 5, 5, 5, 6, 6, 6, 6, 6, 6, 6, 6, 5, 5, 5, 6, 6, 5], [5, 5, 5, 5, 5, 6, 6, 6, 6, 6, 6, 6, 6, 6, 6, 5, 5, 5, 5, 5], [6, 5, 6, 6, 6, 6, 6, 6, 6, 6, 6, 6, 6, 6, 6, 6, 6, 6, 5, 6], [5, 5, 6, 6, 6, 6, 6, 6, 6, 6, 6, 6, 6, 6, 6, 6, 6, 6, 5, 5], [5, 5, 5, 5, 6, 6, 6, 6, 6, 6, 6, 6, 6, 6, 6, 6, 5, 5, 5, 5], [6, 6, 6, 5, 6, 6, 6, 6, 6, 6, 6, 6, 6, 6, 6, 6, 5, 6, 6, 6]]]}"
TRUE,Question 12,1,Question Time 12,247,Question Cost 12,$0.39,Question Tokens 12,34553,Cell Accuracy 12,100%,Output 12,"{""output"": [[0, 0, 0, 0, 0, 0, 0, 0, 0, 0], [9, 9, 0, 0, 0, 0, 0, 0, 0, 0], [0, 9, 9, 0, 0, 0, 0, 0, 0, 0], [0, 0, 9, 9, 9, 0, 0, 0, 0, 5], [0, 0, 0, 0, 9, 9, 9, 0, 0, 5], [0, 0, 0, 0, 0, 0, 0, 5, 0, 5], [3, 0, 0, 0, 0, 0, 0, 0, 0, 5], [3, 3, 0, 0, 0, 0, 5, 5, 1, 5], [3, 3, 3, 1, 1, 5, 5, 5, 1, 5], [3, 3, 3, 3, 5, 5, 5, 5, 1, 5]]}"
Thinking level?:,Question 13,1,Question Time 13,"1,388",Question Cost 13,$1.49,Question Tokens 13,126889,Cell Accuracy 13,100%,Output 13,"{""outputs"": [[[8, 8, 8, 8, 8, 8, 8, 8, 8, 8, 6, 8, 8, 8, 8, 8, 8], [0, 0, 0, 0, 0, 0, 0, 0, 0, 8, 6, 8, 0, 0, 0, 0, 0], [3, 3, 8, 8, 8, 8, 8, 8, 8, 8, 6, 8, 8, 6, 8, 8, 8], [0, 0, 0, 0, 0, 0, 0, 0, 0, 0, 0, 0, 8, 6, 8, 0, 0], [3, 8, 8, 8, 8, 8, 8, 0, 3, 8, 8, 8, 8, 6, 8, 3, 3], [0, 0, 0, 0, 0, 0, 0, 0, 0, 0, 0, 0, 0, 0, 0, 0, 0], [8, 8, 8, 8, 8, 8, 8, 6, 8, 8, 8, 8, 8, 8, 8, 8, 8], [0, 0, 0, 0, 0, 0, 8, 6, 8, 0, 0, 0, 0, 0, 0, 0, 0], [8, 8, 8, 8, 6, 8, 8, 6, 8, 8, 8, 8, 8, 8, 8, 3, 3], [0, 0, 0, 8, 6, 8, 0, 0, 0, 0, 0, 0, 0, 0, 0, 0, 0], [3, 3, 8, 8, 6, 8, 8, 8, 8, 3, 0, 8, 8, 8, 8, 8, 3], [0, 0, 0, 0, 0, 0, 0, 0, 0, 0, 0, 0, 0, 0, 0, 0, 0], [8, 8, 8, 8, 8, 8, 8, 8, 8, 8, 6, 8, 8, 8, 8, 8, 8], [0, 0, 0, 0, 0, 0, 0, 0, 0, 8, 6, 8, 0, 0, 0, 0, 0], [8, 8, 8, 8, 8, 8, 8, 6, 8, 8, 6, 8, 8, 8, 8, 3, 3], [0, 0, 0, 0, 0, 0, 8, 6, 8, 0, 0, 0, 0, 0, 0, 0, 0], [8, 8, 8, 6, 8, 8, 8, 6, 8, 8, 8, 8, 6, 8, 8, 8, 8], [0, 0, 8, 6, 8, 0, 0, 0, 0, 0, 0, 8, 6, 8, 0, 0, 0], [3, 8, 8, 6, 8, 8, 3, 0, 3, 8, 8, 8, 6, 8, 8, 8, 3]]]}"
High,Question 14,1,Question Time 14,131,Question Cost 14,$0.17,Question Tokens 14,20936,Cell Accuracy 14,100%,Output 14,"{""outputs"": [[[4, 4, 4, 4, 6, 6, 6, 6], [4, 0, 0, 4, 6, 6, 6, 6], [4, 0, 0, 4, 6, 6, 6, 6], [4, 4, 4, 4, 6, 6, 6, 6], [2, 2, 2, 2, 7, 7, 7, 7], [2, 0, 0, 2, 7, 7, 7, 7], [2, 0, 0, 2, 7, 7, 7, 7], [2, 2, 2, 2, 7, 7, 7, 7], [0, 0, 0, 0, 1, 1, 1, 1], [0, 0, 0, 0, 1, 1, 1, 1], [0, 0, 0, 0, 1, 1, 1, 1], [0, 0, 0, 0, 1, 1, 1, 1], [0, 0, 0, 0, 8, 8, 8, 8], [0, 0, 0, 0, 8, 8, 8, 8], [0, 0, 0, 0, 8, 8, 8, 8], [0, 0, 0, 0, 8, 8, 8, 8]]]}"
Total Tokens:,Question 15,0,Question Time 15,306,Question Cost 15,$0.48,Question Tokens 15,48294,Cell Accuracy 15,95.50%,Output 15,"{""outputs"": [[[8, 8, 8, 8, 8, 8, 8, 8, 8, 8, 8, 8, 8, 8, 8, 8, 8, 8, 8, 8, 8, 8, 8, 8, 8, 8], [8, 8, 8, 8, 8, 8, 8, 8, 8, 8, 8, 8, 8, 8, 8, 8, 8, 8, 8, 8, 8, 8, 8, 8, 8, 8], [8, 8, 8, 8, 8, 8, 8, 8, 8, 8, 8, 8, 8, 8, 8, 8, 8, 8, 8, 8, 8, 8, 8, 8, 8, 8], [8, 8, 8, 8, 8, 8, 8, 8, 8, 8, 8, 8, 8, 8, 8, 8, 8, 8, 8, 8, 8, 8, 8, 8, 8, 8], [8, 8, 8, 8, 8, 8, 8, 8, 8, 8, 8, 8, 8, 8, 8, 8, 8, 8, 8, 8, 8, 8, 8, 8, 8, 8], [8, 8, 8, 8, 8, 8, 8, 8, 8, 8, 8, 8, 8, 8, 8, 8, 8, 8, 8, 8, 8, 8, 8, 8, 8, 8], [8, 8, 8, 8, 8, 8, 8, 8, 8, 8, 8, 8, 8, 8, 8, 8, 8, 8, 8, 8, 8, 8, 8, 8, 8, 8], [8, 8, 8, 8, 8, 8, 8, 8, 8, 8, 8, 8, 8, 8, 8, 8, 8, 8, 8, 8, 8, 8, 8, 8, 8, 8], [8, 8, 8, 8, 8, 8, 8, 8, 8, 8, 8, 8, 8, 1, 1, 1, 1, 8, 8, 8, 8, 8, 8, 8, 8, 8], [8, 8, 8, 8, 8, 8, 8, 8, 8, 8, 8, 8, 8, 8, 1, 1, 8, 8, 8, 8, 8, 8, 8, 8, 8, 8], [8, 8, 8, 8, 8, 8, 8, 8, 8, 8, 8, 4, 4, 8, 1, 1, 8, 8, 8, 2, 8, 8, 8, 8, 8, 8], [8, 8, 8, 8, 8, 8, 8, 8, 8, 8, 8, 8, 4, 4, 8, 8, 2, 2, 2, 8, 8, 8, 8, 8, 8, 8], [8, 8, 8, 8, 8, 8, 8, 8, 8, 8, 8, 8, 4, 4, 8, 8, 2, 2, 2, 8, 8, 8, 8, 8, 8, 8], [8, 8, 8, 8, 8, 8, 8, 8, 8, 8, 8, 4, 4, 8, 6, 6, 8, 8, 8, 2, 8, 8, 8, 8, 8, 8], [8, 8, 8, 8, 8, 8, 8, 8, 8, 8, 8, 8, 8, 8, 6, 6, 8, 8, 8, 8, 8, 8, 8, 8, 8, 8], [8, 8, 8, 8, 8, 8, 8, 8, 8, 8, 8, 8, 8, 8, 6, 6, 8, 8, 8, 8, 8, 8, 8, 8, 8, 8], [8, 8, 8, 8, 8, 8, 8, 8, 8, 8, 8, 8, 6, 6, 6, 6, 6, 6, 8, 8, 8, 8, 8, 8, 8, 8], [8, 8, 8, 8, 8, 8, 8, 8, 8, 8, 8, 8, 8, 8, 8, 8, 8, 8, 8, 8, 8, 8, 8, 8, 8, 8], [8, 8, 8, 8, 8, 8, 8, 8, 8, 8, 8, 8, 8, 8, 8, 8, 8, 8, 8, 8, 8, 8, 8, 8, 8, 8], [8, 8, 8, 8, 8, 8, 8, 8, 8, 8, 8, 8, 8, 8, 8, 8, 8, 8, 8, 8, 8, 8, 8, 8, 8, 8], [8, 8, 8, 8, 8, 8, 8, 8, 8, 8, 8, 8, 8, 8, 8, 8, 8, 8, 8, 8, 8, 8, 8, 8, 8, 8], [8, 8, 8, 8, 8, 8, 8, 8, 8, 8, 8, 8, 8, 8, 8, 8, 8, 8, 8, 8, 8, 8, 8, 8, 8, 8], [8, 8, 8, 8, 8, 8, 8, 8, 8, 8, 8, 8, 8, 8, 8, 8, 8, 8, 8, 8, 8, 8, 8, 8, 8, 8], [8, 8, 8, 8, 8, 8, 8, 8, 8, 8, 8, 8, 8, 8, 8, 8, 8, 8, 8, 8, 8, 8, 8, 8, 8, 8]]]}"
1382845,Question 16,1,Question Time 16,368,Question Cost 16,$0.55,Question Tokens 16,53917,Cell Accuracy 16,100%,Output 16,"{""outputs"": [[[9, 9, 9, 9, 9, 9, 9, 9, 9, 9, 9, 9, 9], [9, 7, 7, 7, 7, 7, 7, 7, 7, 7, 7, 7, 9], [9, 7, 9, 9, 9, 9, 9, 9, 9, 7, 7, 7, 9], [9, 7, 9, 7, 7, 7, 7, 7, 9, 7, 7, 7, 9], [9, 7, 9, 7, 9, 7, 9, 7, 9, 7, 9, 7, 9], [9, 7, 9, 7, 7, 7, 7, 7, 9, 7, 7, 7, 9], [9, 7, 9, 9, 9, 9, 9, 9, 9, 7, 7, 7, 9], [9, 7, 7, 7, 7, 7, 7, 7, 7, 7, 7, 7, 9], [9, 9, 9, 9, 9, 9, 9, 9, 9, 9, 9, 9, 9]], [[6, 6, 6, 6, 6, 6, 6, 6, 6, 6, 6], [6, 8, 8, 8, 8, 8, 8, 8, 8, 8, 6], [6, 8, 8, 8, 8, 8, 6, 8, 8, 8, 6], [6, 8, 8, 8, 8, 8, 8, 8, 8, 8, 6], [6, 8, 8, 8, 6, 6, 6, 6, 6, 8, 6], [6, 8, 8, 8, 6, 8, 8, 8, 6, 8, 6], [6, 8, 6, 8, 6, 8, 6, 8, 6, 8, 6], [6, 8, 8, 8, 6, 8, 8, 8, 6, 8, 6], [6, 8, 8, 8, 6, 6, 6, 6, 6, 8, 6], [6, 8, 8, 8, 8, 8, 8, 8, 8, 8, 6], [6, 6, 6, 6, 6, 6, 6, 6, 6, 6, 6], [8, 8, 8, 8, 8, 8, 8, 8, 8, 8, 8], [8, 8, 8, 8, 8, 8, 6, 8, 8, 8, 8], [8, 8, 8, 8, 8, 8, 8, 8, 8, 8, 8]]]}"
,Question 17,0,Question Time 17,718,Question Cost 17,$1.13,Question Tokens 17,"103,787",Cell Accuracy 17,91.10%,Output 17,"{""output"": [[2, 2, 2, 2, 2, 2, 2, 2, 2, 2, 2, 2, 2, 2, 2, 2, 2, 2, 2, 2, 2, 3, 3, 3], [2, 2, 2, 2, 2, 2, 2, 2, 2, 2, 2, 2, 2, 2, 2, 2, 2, 2, 2, 2, 2, 3, 3, 3], [2, 2, 2, 2, 2, 2, 2, 2, 2, 2, 2, 2, 2, 2, 2, 2, 2, 2, 2, 2, 2, 3, 3, 3], [8, 8, 8, 8, 8, 8, 8, 8, 8, 8, 8, 9, 9, 9, 9, 9, 9, 9, 9, 9, 9, 3, 3, 3], [8, 8, 8, 8, 8, 8, 8, 8, 8, 8, 8, 9, 9, 9, 9, 9, 9, 9, 9, 9, 9, 3, 3, 3], [8, 8, 8, 8, 8, 8, 8, 8, 8, 8, 8, 9, 9, 9, 9, 9, 9, 9, 9, 9, 9, 3, 3, 3], [1, 1, 1, 9, 9, 9, 9, 9, 9, 9, 9, 9, 9, 9, 9, 9, 9, 9, 9, 9, 9, 3, 3, 3], [1, 1, 1, 8, 8, 8, 8, 8, 8, 8, 8, 8, 8, 8, 8, 8, 8, 8, 8, 8, 8, 3, 3, 3], [1, 1, 1, 8, 8, 8, 8, 8, 8, 8, 8, 8, 8, 8, 8, 8, 8, 8, 8, 8, 8, 3, 3, 3], [1, 1, 1, 8, 8, 8, 8, 8, 8, 8, 8, 8, 8, 8, 8, 8, 8, 8, 8, 8, 8, 3, 3, 3], [1, 1, 1, 8, 8, 8, 9, 9, 8, 8, 8, 9, 9, 9, 9, 9, 9, 9, 8, 8, 8, 3, 3, 3], [1, 1, 1, 8, 8, 8, 9, 9, 8, 8, 8, 9, 9, 9, 9, 9, 9, 9, 8, 8, 8, 3, 3, 3], [1, 1, 1, 8, 8, 8, 9, 9, 8, 8, 8, 9, 9, 9, 9, 9, 9, 9, 8, 8, 8, 3, 3, 3], [1, 1, 1, 8, 8, 8, 9, 9, 8, 8, 8, 9, 9, 9, 9, 9, 9, 9, 8, 8, 8, 9, 9, 9], [1, 1, 1, 8, 8, 8, 8, 8, 8, 8, 8, 8, 8, 8, 8, 8, 8, 8, 8, 8, 8, 8, 8, 8], [1, 1, 1, 8, 8, 8, 8, 8, 8, 8, 8, 8, 8, 8, 8, 8, 8, 8, 8, 8, 8, 8, 8, 8], [9, 9, 9, 8, 8, 8, 8, 8, 8, 8, 8, 8, 8, 8, 8, 8, 8, 8, 8, 8, 8, 8, 8, 8], [9, 9, 9, 9, 9, 9, 9, 4, 4, 4, 4, 4, 4, 4, 4, 4, 9, 9, 9, 9, 9, 9, 9, 9], [9, 9, 9, 9, 9, 9, 9, 4, 4, 4, 4, 4, 4, 4, 4, 4, 9, 9, 9, 9, 9, 9, 9, 9], [9, 9, 9, 9, 9, 9, 9, 4, 4, 4, 4, 4, 4, 4, 4, 4, 9, 9, 9, 9, 9, 9, 9, 9], [9, 9, 9, 9, 9, 9, 9, 9, 9, 9, 9, 9, 9, 9, 9, 9, 9, 9, 9, 9, 9, 9, 9, 9], [9, 9, 9, 9, 9, 9, 9, 9, 9, 9, 9, 9, 9, 9, 9, 9, 9, 9, 9, 9, 9, 9, 9, 9], [9, 9, 9, 9, 9, 9, 9, 9, 9, 9, 9, 9, 9, 9, 9, 9, 9, 9, 9, 9, 9, 9, 9, 9], [9, 9, 9, 9, 9, 9, 9, 9, 9, 9, 9, 9, 9, 9, 9, 9, 9, 9, 9, 9, 9, 9, 9, 9]]}"
,Question 18,1,Question Time 18,236,Question Cost 18,$0.43,Question Tokens 18,41944,Cell Accuracy 18,100%,Output 18,"{""output"": [[0, 0, 0, 0, 0, 0, 0, 0, 0, 0, 0, 0, 0, 0, 3, 0, 0, 0, 0, 0, 0], [0, 0, 0, 0, 0, 0, 0, 0, 0, 0, 0, 0, 0, 3, 0, 3, 0, 0, 0, 0, 0], [0, 0, 0, 6, 0, 0, 7, 1, 0, 0, 0, 0, 3, 0, 0, 0, 3, 0, 0, 0, 0], [0, 0, 4, 6, 0, 0, 7, 1, 0, 0, 0, 3, 0, 0, 0, 0, 0, 3, 0, 0, 0], [0, 0, 4, 6, 0, 0, 7, 1, 0, 0, 3, 0, 0, 0, 0, 0, 0, 3, 0, 0, 0], [0, 0, 4, 6, 0, 0, 7, 1, 0, 3, 0, 0, 0, 0, 0, 0, 0, 3, 0, 0, 0], [0, 0, 4, 6, 0, 0, 7, 1, 0, 0, 3, 3, 3, 3, 0, 0, 0, 3, 0, 0, 0], [0, 0, 4, 6, 0, 0, 7, 1, 0, 0, 0, 0, 0, 0, 3, 0, 0, 3, 0, 0, 0], [0, 0, 4, 6, 0, 0, 7, 1, 0, 0, 0, 0, 0, 0, 0, 3, 3, 3, 0, 0, 0], [0, 0, 4, 6, 0, 0, 7, 1, 0, 0, 0, 0, 0, 0, 0, 0, 0, 0, 0, 0, 0], [0, 0, 4, 6, 0, 0, 7, 1, 0, 0, 0, 0, 0, 0, 0, 0, 0, 0, 0, 0, 0], [0, 0, 4, 6, 0, 0, 7, 1, 0, 0, 0, 0, 0, 0, 0, 0, 0, 0, 0, 0, 0], [0, 0, 4, 6, 0, 0, 7, 1, 0, 0, 0, 0, 0, 0, 0, 0, 0, 0, 0, 0, 0], [0, 0, 4, 6, 0, 0, 7, 1, 0, 0, 8, 0, 0, 0, 0, 0, 0, 0, 0, 0, 0], [0, 0, 4, 6, 0, 0, 7, 1, 0, 0, 0, 0, 0, 0, 0, 0, 0, 0, 0, 0, 0], [0, 0, 4, 6, 0, 0, 7, 1, 0, 0, 0, 0, 0, 0, 0, 0, 8, 0, 0, 0, 0], [0, 0, 4, 6, 0, 0, 7, 1, 0, 0, 0, 0, 0, 0, 0, 0, 0, 0, 0, 0, 0], [0, 0, 4, 6, 0, 0, 7, 1, 0, 0, 0, 0, 0, 8, 0, 0, 0, 0, 0, 0, 0], [0, 0, 4, 0, 0, 0, 0, 0, 0, 0, 0, 0, 0, 0, 0, 0, 0, 0, 0, 0, 0], [0, 0, 0, 0, 0, 0, 0, 0, 0, 0, 0, 0, 0, 0, 0, 0, 0, 0, 0, 0, 0], [0, 0, 0, 0, 0, 0, 0, 0, 0, 0, 0, 0, 0, 0, 0, 0, 0, 0, 0, 0, 0]]}"
,Question 19,0,Question Time 19,510,Question Cost 19,$0.49,Question Tokens 19,47703,Cell Accuracy 19,100%,Output 19,"{""outputs"": [[[0, 0, 0, 4, 4, 0, 0, 0, 4, 4, 0, 0, 0], [0, 0, 4, 3, 3, 4, 4, 4, 8, 8, 4, 0, 0], [0, 4, 3, 3, 3, 3, 4, 8, 8, 8, 8, 4, 0], [0, 4, 3, 3, 3, 3, 4, 8, 8, 8, 8, 4, 0], [0, 4, 4, 4, 3, 3, 4, 8, 8, 4, 4, 4, 0], [0, 0, 4, 4, 4, 4, 4, 4, 4, 4, 4, 0, 0], [0, 4, 5, 5, 5, 4, 4, 4, 5, 5, 5, 4, 0], [0, 4, 5, 5, 5, 4, 2, 4, 5, 5, 5, 4, 0], [0, 4, 4, 4, 4, 2, 2, 2, 4, 4, 4, 4, 0], [0, 4, 1, 4, 4, 4, 2, 4, 4, 4, 1, 4, 0], [0, 4, 4, 4, 7, 4, 4, 4, 7, 4, 4, 4, 0], [0, 0, 4, 7, 7, 7, 4, 7, 7, 7, 4, 0, 0], [4, 4, 7, 7, 7, 7, 7, 7, 7, 7, 7, 4, 4], [0, 4, 7, 7, 7, 7, 7, 7, 7, 7, 7, 4, 0], [0, 4, 7, 7, 7, 7, 4, 7, 7, 7, 7, 4, 0], [0, 4, 4, 4, 4, 4, 4, 4, 4, 4, 4, 4, 0], [0, 0, 0, 0, 4, 6, 6, 6, 4, 0, 0, 0, 0], [0, 0, 0, 0, 4, 4, 4, 4, 4, 0, 0, 0, 0]], [[4, 4, 4, 4, 2, 2, 2, 4, 4, 4, 4], [4, 4, 4, 2, 2, 8, 2, 2, 4, 4, 4], [4, 2, 2, 2, 8, 8, 8, 2, 2, 2, 4], [2, 1, 1, 2, 2, 8, 2, 2, 9, 9, 2], [2, 1, 1, 2, 7, 2, 7, 2, 9, 9, 2], [2, 2, 2, 2, 7, 7, 7, 2, 2, 2, 2], [4, 2, 2, 7, 7, 7, 7, 7, 2, 2, 4], [4, 2, 2, 2, 2, 2, 2, 2, 2, 2, 4], [4, 2, 8, 8, 8, 2, 8, 8, 8, 2, 4], [4, 2, 8, 8, 8, 2, 8, 8, 8, 2, 4], [2, 5, 2, 2, 2, 3, 2, 2, 2, 5, 2], [2, 2, 2, 2, 3, 3, 3, 2, 2, 2, 2], [4, 4, 4, 2, 2, 3, 2, 2, 4, 4, 4], [4, 4, 4, 4, 2, 2, 2, 4, 4, 4, 4]]]}"
,Question 20,1,Question Time 20,290,Question Cost 20,$0.41,Question Tokens 20,36326,Cell Accuracy 20,100%,Output 20,"{""outputs"": [[[0, 0, 0, 0, 0, 0, 0, 0, 0, 0, 0, 0, 0], [0, 0, 0, 0, 0, 0, 0, 0, 0, 0, 0, 0, 0], [0, 0, 0, 7, 0, 2, 2, 2, 2, 2, 0, 0, 0], [0, 0, 0, 7, 0, 0, 0, 0, 0, 0, 2, 4, 4], [0, 0, 0, 7, 0, 2, 2, 2, 2, 2, 0, 0, 0], [0, 0, 0, 7, 0, 0, 0, 0, 0, 0, 0, 0, 0], [0, 0, 0, 9, 0, 0, 0, 0, 0, 0, 0, 0, 0], [0, 0, 9, 9, 0, 0, 0, 0, 0, 8, 0, 0, 0], [0, 9, 0, 0, 9, 0, 0, 0, 0, 0, 8, 0, 0], [0, 9, 0, 0, 9, 0, 0, 2, 0, 0, 0, 8, 2], [0, 9, 0, 0, 9, 0, 0, 0, 0, 0, 8, 0, 0], [0, 9, 0, 0, 9, 0, 0, 0, 0, 8, 0, 0, 0]]]}"
,Question 21,1,Question Time 21,240,Question Cost 21,$0.41,Question Tokens 21,45801,Cell Accuracy 21,100%,Output 21,"{""outputs"": [[[1, 1, 1, 1, 1, 1, 1, 1, 1, 1, 1, 1, 1, 1, 1, 1, 1, 1, 1, 1, 1, 1, 1, 1, 1, 1, 1, 1, 1], [1, 2, 2, 2, 2, 2, 1, 1, 2, 2, 2, 2, 2, 1, 1, 1, 1, 1, 1, 1, 2, 2, 2, 2, 2, 1, 1, 1, 1], [1, 2, 2, 2, 2, 2, 1, 1, 2, 2, 2, 2, 2, 1, 1, 1, 1, 1, 1, 1, 2, 2, 2, 2, 2, 1, 1, 1, 1], [1, 2, 2, 4, 2, 2, 4, 4, 2, 2, 8, 2, 2, 8, 8, 8, 8, 8, 8, 8, 2, 2, 9, 2, 2, 1, 1, 1, 1], [1, 2, 2, 2, 2, 2, 1, 1, 2, 2, 2, 2, 2, 1, 1, 1, 1, 1, 1, 1, 2, 2, 2, 2, 2, 1, 1, 1, 1], [1, 2, 2, 2, 2, 2, 1, 1, 2, 2, 2, 2, 2, 1, 1, 1, 1, 1, 1, 1, 2, 2, 2, 2, 2, 1, 1, 1, 1], [1, 1, 1, 1, 1, 1, 1, 1, 1, 1, 1, 1, 1, 1, 1, 1, 1, 1, 1, 1, 1, 1, 9, 1, 1, 1, 1, 1, 1], [1, 1, 1, 1, 1, 1, 1, 1, 1, 1, 1, 1, 1, 1, 1, 1, 1, 1, 1, 1, 1, 1, 9, 1, 1, 1, 1, 1, 1], [1, 2, 2, 2, 2, 2, 1, 1, 2, 2, 2, 2, 2, 1, 1, 1, 1, 1, 1, 1, 2, 2, 2, 2, 2, 1, 1, 1, 1], [1, 2, 2, 2, 2, 2, 1, 1, 2, 2, 2, 2, 2, 1, 1, 1, 1, 1, 1, 1, 2, 2, 2, 2, 2, 1, 1, 1, 1], [1, 2, 2, 6, 2, 2, 7, 7, 2, 2, 7, 2, 2, 4, 4, 4, 4, 4, 4, 4, 2, 2, 4, 2, 2, 1, 1, 1, 1], [1, 2, 2, 2, 2, 2, 1, 1, 2, 2, 2, 2, 2, 1, 1, 1, 1, 1, 1, 1, 2, 2, 2, 2, 2, 1, 1, 1, 1], [1, 2, 2, 2, 2, 2, 1, 1, 2, 2, 2, 2, 2, 1, 1, 1, 1, 1, 1, 1, 2, 2, 2, 2, 2, 1, 1, 1, 1], [1, 1, 1, 6, 1, 1, 1, 1, 1, 1, 1, 1, 1, 1, 1, 1, 1, 1, 1, 1, 1, 1, 1, 1, 1, 1, 1, 1, 1], [1, 1, 1, 6, 1, 1, 1, 1, 1, 1, 1, 1, 1, 1, 1, 1, 1, 1, 1, 1, 1, 1, 1, 1, 1, 1, 1, 1, 1], [1, 2, 2, 2, 2, 2, 1, 1, 2, 2, 2, 2, 2, 1, 2, 2, 2, 2, 2, 1, 2, 2, 2, 2, 2, 1, 1, 1, 1], [1, 2, 2, 2, 2, 2, 1, 1, 2, 2, 2, 2, 2, 1, 2, 2, 2, 2, 2, 1, 2, 2, 2, 2, 2, 1, 1, 1, 1], [1, 2, 2, 9, 2, 2, 9, 9, 2, 2, 4, 2, 2, 4, 2, 2, 5, 2, 2, 5, 2, 2, 3, 2, 2, 1, 1, 1, 1], [1, 2, 2, 2, 2, 2, 1, 1, 2, 2, 2, 2, 2, 1, 2, 2, 2, 2, 2, 1, 2, 2, 2, 2, 2, 1, 1, 1, 1], [1, 2, 2, 2, 2, 2, 1, 1, 2, 2, 2, 2, 2, 1, 2, 2, 2, 2, 2, 1, 2, 2, 2, 2, 2, 1, 1, 1, 1], [1, 1, 1, 1, 1, 1, 1, 1, 1, 1, 1, 1, 1, 1, 1, 1, 1, 1, 1, 1, 1, 1, 3, 1, 1, 1, 1, 1, 1], [1, 1, 1, 1, 1, 1, 1, 1, 1, 1, 1, 1, 1, 1, 1, 1, 1, 1, 1, 1, 2, 2, 2, 2, 2, 1, 1, 1, 1], [1, 1, 1, 1, 1, 1, 1, 1, 1, 1, 1, 1, 1, 1, 1, 1, 1, 1, 1, 1, 2, 2, 2, 2, 2, 1, 1, 1, 1], [1, 1, 1, 1, 1, 1, 1, 1, 1, 1, 1, 1, 1, 1, 1, 1, 1, 1, 1, 1, 2, 2, 7, 2, 2, 1, 1, 1, 1], [1, 1, 1, 1, 1, 1, 1, 1, 1, 1, 1, 1, 1, 1, 1, 1, 1, 1, 1, 1, 2, 2, 2, 2, 2, 1, 1, 1, 1], [1, 1, 1, 1, 1, 1, 1, 1, 1, 1, 1, 1, 1, 1, 1, 1, 1, 1, 1, 1, 2, 2, 2, 2, 2, 1, 1, 1, 1], [1, 1, 1, 1, 1, 1, 1, 1, 1, 1, 1, 1, 1, 1, 1, 1, 1, 1, 1, 1, 1, 1, 1, 1, 1, 1, 1, 1, 1], [1, 4, 1, 8, 1, 9, 1, 4, 1, 7, 1, 6, 1, 9, 1, 4, 1, 5, 1, 3, 1, 7, 1, 1, 1, 1, 1, 1, 1], [1, 1, 1, 1, 1, 1, 1, 1, 1, 1, 1, 1, 1, 1, 1, 1, 1, 1, 1, 1, 1, 1, 1, 1, 1, 1, 1, 1, 1]], [[1, 1, 1, 1, 1, 1, 1, 1, 1, 1, 1, 1, 1, 1, 1, 1, 1, 1, 1, 1, 1, 1, 1, 1, 1, 1, 1, 1, 1, 1], [1, 8, 8, 8, 8, 8, 8, 1, 1, 1, 8, 8, 8, 8, 8, 8, 1, 1, 1, 1, 8, 8, 8, 8, 8, 8, 1, 1, 1, 1], [1, 8, 8, 8, 8, 8, 8, 1, 1, 1, 8, 8, 8, 8, 8, 8, 1, 1, 1, 1, 8, 8, 8, 8, 8, 8, 1, 1, 1, 1], [1, 8, 8, 2, 2, 8, 8, 2, 2, 2, 8, 8, 4, 4, 8, 8, 4, 4, 4, 4, 8, 8, 3, 3, 8, 8, 1, 1, 1, 1], [1, 8, 8, 2, 2, 8, 8, 2, 2, 2, 8, 8, 4, 4, 8, 8, 4, 4, 4, 4, 8, 8, 3, 3, 8, 8, 1, 1, 1, 1], [1, 8, 8, 8, 8, 8, 8, 1, 1, 1, 8, 8, 8, 8, 8, 8, 1, 1, 1, 1, 8, 8, 8, 8, 8, 8, 1, 1, 1, 1], [1, 8, 8, 8, 8, 8, 8, 1, 1, 1, 8, 8, 8, 8, 8, 8, 1, 1, 1, 1, 8, 8, 8, 8, 8, 8, 1, 1, 1, 1], [1, 1, 1, 1, 1, 1, 1, 1, 1, 1, 1, 1, 1, 1, 1, 1, 1, 1, 1, 1, 1, 1, 3, 3, 1, 1, 1, 1, 1, 1], [1, 1, 1, 1, 1, 1, 1, 1, 1, 1, 1, 1, 1, 1, 1, 1, 1, 1, 1, 1, 1, 1, 3, 3, 1, 1, 1, 1, 1, 1], [1, 8, 8, 8, 8, 8, 8, 1, 1, 1, 8, 8, 8, 8, 8, 8, 1, 1, 1, 1, 8, 8, 8, 8, 8, 8, 1, 1, 1, 1], [1, 8, 8, 8, 8, 8, 8, 1, 1, 1, 8, 8, 8, 8, 8, 8, 1, 1, 1, 1, 8, 8, 8, 8, 8, 8, 1, 1, 1, 1], [1, 8, 8, 3, 3, 8, 8, 6, 6, 6, 8, 8, 6, 6, 8, 8, 1, 1, 1, 1, 8, 8, 9, 9, 8, 8, 1, 1, 1, 1], [1, 8, 8, 3, 3, 8, 8, 6, 6, 6, 8, 8, 6, 6, 8, 8, 1, 1, 1, 1, 8, 8, 9, 9, 8, 8, 1, 1, 1, 1], [1, 8, 8, 8, 8, 8, 8, 1, 1, 1, 8, 8, 8, 8, 8, 8, 1, 1, 1, 1, 8, 8, 8, 8, 8, 8, 1, 1, 1, 1], [1, 8, 8, 8, 8, 8, 8, 1, 1, 1, 8, 8, 8, 8, 8, 8, 1, 1, 1, 1, 8, 8, 8, 8, 8, 8, 1, 1, 1, 1], [1, 1, 1, 3, 3, 1, 1, 1, 1, 1, 1, 1, 4, 4, 1, 1, 1, 1, 1, 1, 1, 1, 9, 9, 1, 1, 1, 1, 1, 1], [1, 8, 8, 8, 8, 8, 8, 1, 1, 1, 8, 8, 8, 8, 8, 8, 1, 1, 1, 1, 8, 8, 8, 8, 8, 8, 1, 1, 1, 1], [1, 8, 8, 8, 8, 8, 8, 1, 1, 1, 8, 8, 8, 8, 8, 8, 1, 1, 1, 1, 8, 8, 8, 8, 8, 8, 1, 1, 1, 1], [1, 8, 8, 9, 9, 8, 8, 1, 1, 1, 8, 8, 4, 4, 8, 8, 5, 5, 5, 5, 8, 8, 5, 5, 8, 8, 1, 1, 1, 1], [1, 8, 8, 9, 9, 8, 8, 1, 1, 1, 8, 8, 4, 4, 8, 8, 5, 5, 5, 5, 8, 8, 5, 5, 8, 8, 1, 1, 1, 1], [1, 8, 8, 8, 8, 8, 8, 1, 1, 1, 8, 8, 8, 8, 8, 8, 1, 1, 1, 1, 8, 8, 8, 8, 8, 8, 1, 1, 1, 1], [1, 8, 8, 8, 8, 8, 8, 1, 1, 1, 8, 8, 8, 8, 8, 8, 1, 1, 1, 1, 8, 8, 8, 8, 8, 8, 1, 1, 1, 1], [1, 1, 1, 1, 1, 1, 1, 1, 1, 1, 1, 1, 1, 1, 1, 1, 1, 1, 1, 1, 1, 1, 1, 1, 1, 1, 1, 1, 1, 1], [1, 1, 1, 1, 1, 1, 1, 1, 1, 1, 1, 1, 1, 1, 1, 1, 1, 1, 1, 1, 1, 1, 1, 1, 1, 1, 1, 1, 1, 1], [1, 1, 1, 1, 1, 1, 1, 1, 1, 1, 1, 1, 1, 1, 1, 1, 1, 1, 1, 1, 1, 1, 1, 1, 1, 1, 1, 1, 1, 1], [1, 1, 1, 1, 1, 1, 1, 1, 1, 1, 1, 1, 1, 1, 1, 1, 1, 1, 1, 1, 1, 1, 1, 1, 1, 1, 1, 1, 1, 1], [1, 1, 1, 1, 1, 1, 1, 1, 1, 1, 1, 1, 1, 1, 1, 1, 1, 1, 1, 1, 1, 1, 1, 1, 1, 1, 1, 1, 1, 1], [1, 1, 1, 1, 1, 1, 1, 1, 1, 1, 1, 1, 1, 1, 1, 1, 1, 1, 1, 1, 1, 1, 1, 1, 1, 1, 1, 1, 1, 1], [1, 2, 1, 4, 1, 3, 1, 9, 1, 5, 1, 4, 1, 6, 1, 3, 1, 9, 1, 1, 1, 1, 1, 1, 1, 1, 1, 1, 1, 1], [1, 1, 1, 1, 1, 1, 1, 1, 1, 1, 1, 1, 1, 1, 1, 1, 1, 1, 1, 1, 1, 1, 1, 1, 1, 1, 1, 1, 1, 1]]]}"
,Question 22,1,Question Time 22,167,Question Cost 22,$0.30,Question Tokens 22,"29,902",Cell Accuracy 22,100%,Output 22,"{""output"": [[7, 7, 7, 7, 7, 7, 7, 7, 7, 9, 7, 7, 7, 7, 7, 7], [7, 7, 7, 7, 7, 7, 7, 7, 7, 7, 7, 7, 7, 7, 7, 7], [7, 7, 9, 7, 7, 7, 7, 7, 6, 7, 6, 7, 7, 7, 7, 7], [7, 9, 9, 7, 7, 7, 7, 7, 7, 6, 7, 7, 7, 7, 6, 7], [7, 7, 7, 7, 7, 7, 7, 7, 9, 7, 7, 7, 7, 6, 7, 7], [7, 7, 7, 7, 7, 7, 7, 7, 7, 6, 7, 7, 7, 7, 6, 7], [7, 7, 7, 7, 7, 7, 7, 7, 6, 7, 6, 7, 7, 7, 7, 7], [7, 7, 6, 7, 7, 7, 7, 7, 7, 7, 7, 7, 7, 7, 7, 7], [7, 6, 7, 6, 9, 7, 7, 9, 7, 9, 7, 7, 7, 7, 7, 7], [7, 7, 7, 7, 7, 7, 7, 7, 7, 7, 7, 7, 7, 7, 1, 7], [7, 7, 7, 7, 7, 7, 7, 7, 7, 7, 7, 7, 7, 7, 7, 7], [7, 7, 7, 7, 7, 7, 7, 7, 7, 7, 7, 7, 7, 7, 7, 7], [7, 7, 7, 7, 7, 7, 7, 7, 7, 7, 7, 7, 7, 7, 7, 7], [7, 7, 7, 7, 6, 7, 7, 7, 7, 7, 7, 7, 7, 7, 7, 7], [7, 7, 7, 6, 7, 6, 7, 7, 6, 6, 7, 7, 7, 7, 6, 7], [7, 7, 7, 7, 7, 7, 7, 7, 7, 6, 7, 7, 7, 6, 7, 6]]}"
,Question 23,1,Question Time 23,155,Question Cost 23,$0.28,Question Tokens 23,27577,Cell Accuracy 23,100%,Output 23,"{""output"": [[3, 3, 3, 3, 3, 3, 3, 3, 3, 3, 3, 3, 3, 3, 3, 3, 3, 3, 3, 3, 3, 3, 3, 3, 3, 3], [3, 3, 3, 3, 3, 3, 3, 3, 3, 3, 3, 3, 3, 3, 3, 3, 3, 3, 3, 3, 3, 3, 3, 3, 3, 3], [3, 3, 8, 8, 8, 8, 8, 8, 8, 8, 8, 8, 8, 8, 8, 8, 8, 8, 8, 8, 8, 8, 8, 8, 3, 3], [3, 3, 8, 8, 8, 8, 8, 8, 8, 8, 8, 8, 8, 8, 8, 8, 8, 8, 8, 8, 8, 8, 8, 8, 3, 3], [3, 3, 8, 8, 8, 8, 8, 8, 8, 8, 8, 8, 8, 8, 8, 8, 8, 8, 8, 8, 8, 8, 8, 8, 3, 3], [3, 3, 8, 8, 8, 2, 2, 2, 2, 2, 2, 2, 2, 2, 2, 2, 2, 2, 2, 2, 2, 8, 8, 8, 3, 3], [3, 3, 8, 8, 8, 2, 8, 8, 8, 8, 8, 8, 8, 8, 8, 8, 8, 8, 8, 8, 2, 8, 8, 8, 3, 3], [3, 3, 8, 8, 8, 2, 8, 8, 8, 8, 8, 8, 8, 8, 8, 8, 8, 8, 8, 8, 2, 8, 8, 8, 3, 3], [3, 3, 8, 8, 8, 2, 8, 8, 3, 3, 3, 3, 3, 3, 3, 3, 3, 3, 8, 8, 2, 8, 8, 8, 3, 3], [3, 3, 8, 8, 8, 2, 8, 8, 3, 7, 7, 7, 7, 7, 7, 7, 7, 3, 8, 8, 2, 8, 8, 8, 3, 3], [3, 3, 8, 8, 8, 2, 8, 8, 3, 7, 7, 7, 7, 7, 7, 7, 7, 3, 8, 8, 2, 8, 8, 8, 3, 3], [3, 3, 8, 8, 8, 2, 8, 8, 3, 7, 7, 5, 5, 5, 5, 7, 7, 3, 8, 8, 2, 8, 8, 8, 3, 3], [3, 3, 8, 8, 8, 2, 8, 8, 3, 7, 7, 5, 8, 8, 5, 7, 7, 3, 8, 8, 2, 8, 8, 8, 3, 3], [3, 3, 8, 8, 8, 2, 8, 8, 3, 7, 7, 5, 8, 8, 5, 7, 7, 3, 8, 8, 2, 8, 8, 8, 3, 3], [3, 3, 8, 8, 8, 2, 8, 8, 3, 7, 7, 5, 5, 5, 5, 7, 7, 3, 8, 8, 2, 8, 8, 8, 3, 3], [3, 3, 8, 8, 8, 2, 8, 8, 3, 7, 7, 7, 7, 7, 7, 7, 7, 3, 8, 8, 2, 8, 8, 8, 3, 3], [3, 3, 8, 8, 8, 2, 8, 8, 3, 7, 7, 7, 7, 7, 7, 7, 7, 3, 8, 8, 2, 8, 8, 8, 3, 3], [3, 3, 8, 8, 8, 2, 8, 8, 3, 3, 3, 3, 3, 3, 3, 3, 3, 3, 8, 8, 2, 8, 8, 8, 3, 3], [3, 3, 8, 8, 8, 2, 8, 8, 8, 8, 8, 8, 8, 8, 8, 8, 8, 8, 8, 8, 2, 8, 8, 8, 3, 3], [3, 3, 8, 8, 8, 2, 8, 8, 8, 8, 8, 8, 8, 8, 8, 8, 8, 8, 8, 8, 2, 8, 8, 8, 3, 3], [3, 3, 8, 8, 8, 2, 2, 2, 2, 2, 2, 2, 2, 2, 2, 2, 2, 2, 2, 2, 2, 8, 8, 8, 3, 3], [3, 3, 8, 8, 8, 8, 8, 8, 8, 8, 8, 8, 8, 8, 8, 8, 8, 8, 8, 8, 8, 8, 8, 8, 3, 3], [3, 3, 8, 8, 8, 8, 8, 8, 8, 8, 8, 8, 8, 8, 8, 8, 8, 8, 8, 8, 8, 8, 8, 8, 3, 3], [3, 3, 8, 8, 8, 8, 8, 8, 8, 8, 8, 8, 8, 8, 8, 8, 8, 8, 8, 8, 8, 8, 8, 8, 3, 3], [3, 3, 3, 3, 3, 3, 3, 3, 3, 3, 3, 3, 3, 3, 3, 3, 3, 3, 3, 3, 3, 3, 3, 3, 3, 3], [3, 3, 3, 3, 3, 3, 3, 3, 3, 3, 3, 3, 3, 3, 3, 3, 3, 3, 3, 3, 3, 3, 3, 3, 3, 3]]}"
,Question 24,1,Question Time 24,261,Question Cost 24,$0.35,Question Tokens 24,31678,Cell Accuracy 24,100%,Output 24,"{""outputs"": [[[0, 0, 0, 0, 0, 0, 0, 0, 0, 5, 5, 5, 5, 5, 5, 5, 5, 5, 5, 5], [0, 0, 0, 0, 0, 0, 0, 0, 0, 5, 0, 5, 0, 6, 0, 3, 0, 8, 0, 5], [0, 0, 0, 0, 0, 0, 0, 0, 0, 5, 0, 9, 0, 5, 0, 5, 0, 8, 0, 5], [0, 0, 0, 0, 0, 0, 0, 0, 0, 5, 0, 5, 0, 5, 0, 5, 0, 8, 0, 5], [0, 0, 0, 0, 0, 0, 0, 0, 0, 0, 0, 5, 0, 5, 0, 5, 0, 5, 0, 5], [0, 0, 0, 0, 0, 0, 0, 0, 0, 0, 0, 5, 5, 5, 5, 5, 5, 5, 0, 5], [0, 0, 0, 0, 0, 0, 0, 0, 0, 5, 0, 0, 0, 0, 0, 0, 0, 0, 0, 5], [0, 0, 0, 0, 0, 0, 0, 0, 0, 5, 5, 5, 5, 5, 5, 5, 5, 5, 5, 5]], [[0, 0, 0, 0, 0, 0, 0, 0, 0, 5, 5, 5, 5, 5, 5, 5, 5, 5, 5, 5], [0, 0, 0, 0, 0, 0, 0, 0, 0, 5, 0, 3, 0, 2, 0, 4, 0, 5, 0, 5], [0, 0, 0, 0, 0, 0, 0, 0, 0, 5, 0, 3, 0, 2, 0, 4, 0, 7, 0, 5], [0, 0, 0, 0, 0, 0, 0, 0, 0, 5, 0, 3, 0, 2, 0, 4, 0, 7, 0, 5], [0, 0, 0, 0, 0, 0, 0, 0, 0, 0, 0, 5, 0, 5, 0, 5, 0, 5, 0, 5], [0, 0, 0, 0, 0, 0, 0, 0, 0, 0, 0, 5, 5, 5, 5, 5, 5, 5, 0, 5], [0, 0, 0, 0, 0, 0, 0, 0, 0, 5, 0, 0, 0, 0, 0, 0, 0, 0, 0, 5], [0, 0, 0, 0, 0, 0, 0, 0, 0, 5, 5, 5, 5, 5, 5, 5, 5, 5, 5, 5]]]}"
,Question 25,0,Question Time 25,254,Question Cost 25,$0.45,Question Tokens 25,45256,Cell Accuracy 25,99.80%,Output 25,"{""output"": [[3, 3, 3, 3, 3, 3, 3, 3, 3, 3, 3, 3, 3, 3, 3, 3, 3, 3, 3, 3, 3, 3], [3, 3, 4, 3, 3, 3, 3, 3, 3, 3, 3, 3, 3, 3, 3, 3, 3, 3, 3, 3, 3, 3], [3, 4, 4, 0, 0, 0, 0, 0, 3, 3, 3, 3, 3, 3, 3, 3, 3, 3, 3, 3, 3, 3], [3, 3, 0, 4, 4, 3, 3, 0, 3, 3, 3, 3, 3, 3, 3, 3, 3, 3, 3, 3, 3, 3], [3, 3, 0, 4, 3, 3, 3, 0, 3, 3, 3, 3, 3, 2, 3, 3, 3, 3, 3, 3, 6, 3], [3, 3, 0, 3, 3, 3, 1, 0, 3, 3, 3, 3, 2, 2, 0, 0, 0, 0, 0, 0, 6, 6], [3, 3, 0, 3, 3, 1, 1, 0, 3, 3, 3, 3, 3, 0, 2, 2, 3, 3, 6, 6, 0, 3], [3, 3, 0, 0, 0, 0, 0, 1, 1, 3, 3, 3, 3, 0, 2, 3, 3, 3, 3, 6, 0, 3], [3, 3, 3, 3, 3, 3, 3, 1, 3, 3, 3, 3, 3, 0, 3, 3, 3, 3, 3, 3, 0, 3], [3, 3, 3, 3, 3, 3, 3, 3, 3, 3, 3, 3, 3, 0, 3, 3, 3, 3, 3, 3, 0, 3], [3, 3, 3, 3, 3, 3, 3, 3, 3, 3, 3, 3, 3, 0, 3, 3, 3, 3, 3, 3, 0, 3], [3, 3, 3, 3, 3, 3, 3, 3, 3, 3, 3, 3, 3, 0, 3, 3, 3, 3, 8, 8, 0, 3], [3, 3, 3, 3, 3, 3, 3, 3, 3, 3, 3, 3, 3, 0, 0, 0, 0, 0, 0, 0, 8, 8], [3, 3, 3, 3, 3, 3, 5, 3, 3, 3, 3, 3, 3, 3, 3, 3, 3, 3, 3, 3, 8, 3], [0, 0, 0, 0, 0, 0, 5, 5, 3, 3, 3, 3, 3, 3, 3, 3, 3, 3, 3, 3, 3, 3], [3, 3, 3, 3, 5, 5, 0, 3, 3, 3, 3, 3, 3, 3, 3, 3, 3, 3, 3, 3, 3, 3], [3, 3, 3, 3, 3, 5, 0, 3, 3, 3, 3, 3, 3, 3, 3, 3, 3, 3, 3, 3, 3, 3], [3, 3, 3, 3, 3, 3, 0, 3, 3, 3, 3, 3, 3, 3, 3, 3, 3, 3, 3, 3, 3, 3], [3, 3, 3, 3, 3, 3, 0, 3, 3, 3, 3, 3, 3, 3, 3, 3, 3, 3, 3, 3, 3, 3]]}"
,Question 26,0,Question Time 26,969,Question Cost 26,$0.90,Question Tokens 26,84331,Cell Accuracy 26,41.00%,Output 26,"{""output"": [[2, 4, 2, 4, 2], [4, 2, 0, 2, 4], [2, 0, 0, 0, 2], [4, 2, 0, 2, 4], [2, 4, 2, 4, 2]]}"
,Question 27,1,Question Time 27,253,Question Cost 27,$0.40,Question Tokens 27,36192,Cell Accuracy 27,100%,Output 27,"{""output"": [[8, 8, 8, 4, 4, 8, 8, 8], [8, 8, 8, 4, 4, 8, 8, 8], [8, 8, 3, 3, 3, 3, 8, 8], [8, 8, 6, 6, 3, 3, 8, 8], [8, 6, 6, 6, 6, 6, 6, 8], [8, 6, 6, 6, 6, 6, 6, 8], [8, 8, 8, 9, 9, 8, 8, 8], [8, 8, 8, 9, 9, 8, 8, 8], [8, 8, 8, 4, 4, 8, 8, 8], [8, 8, 8, 4, 4, 8, 8, 8], [3, 3, 3, 3, 3, 7, 3, 3], [3, 3, 3, 3, 3, 3, 7, 7], [8, 8, 8, 5, 5, 8, 8, 8], [8, 8, 8, 5, 5, 8, 8, 8], [8, 8, 7, 9, 7, 7, 8, 8], [8, 8, 7, 7, 9, 7, 8, 8], [8, 8, 9, 9, 9, 9, 8, 8], [8, 8, 9, 9, 9, 9, 8, 8]]}"